"YEAR","MONTH","DAY","STID","TMAX","TMIN"
2016,1,1,ARD2,46.44,30.28
2016,1,1,BEAV,42.76,13.55
2016,1,1,BOIS,38.32,10.98
2016,1,1,CENT,47.57,26.99
2016,1,1,NRMN,42.29,25.67
2016,1,1,STIL,41.50,21.98
2016,1,1,TISH,47.32,28.00
2016,1,1,TULN,44.43,25.27
2016,1,1,WOOD,41.44,17.26
2016,1,2,ARD2,47.08,32.45
2016,1,2,BEAV,50.22,16.05
2016,1,2,BOIS,49.73,14.61
2016,1,2,CENT,48.78,25.07
2016,1,2,NRMN,49.73,27.96
2016,1,2,STIL,50.11,24.92
2016,1,2,TISH,46.28,31.07
2016,1,2,TULN,53.02,30.13
2016,1,2,WOOD,48.85,24.50
2016,1,3,ARD2,53.87,28.65
2016,1,3,BEAV,51.15,19.26
2016,1,3,BOIS,50.23,19.62
2016,1,3,CENT,53.98,21.20
2016,1,3,NRMN,47.35,25.48
2016,1,3,STIL,45.80,23.41
2016,1,3,TISH,54.12,25.73
2016,1,3,TULN,47.46,27.65
2016,1,3,WOOD,48.15,23.91
2016,1,4,ARD2,50.14,27.66
2016,1,4,BEAV,47.98,14.18
2016,1,4,BOIS,51.31,19.50
2016,1,4,CENT,50.50,23.45
2016,1,4,NRMN,48.04,23.60
2016,1,4,STIL,39.70,20.89
2016,1,4,TISH,49.39,28.14
2016,1,4,TULN,34.41,23.54
2016,1,4,WOOD,42.11,19.27
2016,1,5,ARD2,43.62,27.30
2016,1,5,BEAV,44.10,26.76
2016,1,5,BOIS,45.72,26.77
2016,1,5,CENT,43.32,21.73
2016,1,5,NRMN,44.11,22.21
2016,1,5,STIL,43.82,19.07
2016,1,5,TISH,43.52,25.36
2016,1,5,TULN,41.51,20.93
2016,1,5,WOOD,40.60,23.03
2016,1,6,ARD2,43.09,36.95
2016,1,6,BEAV,58.55,32.03
2016,1,6,BOIS,54.52,22.29
2016,1,6,CENT,43.62,34.11
2016,1,6,NRMN,41.67,35.30
2016,1,6,STIL,42.27,35.24
2016,1,6,TISH,41.81,34.43
2016,1,6,TULN,44.26,35.81
2016,1,6,WOOD,46.98,35.12
2016,1,7,ARD2,-996.00,-996.00
2016,1,7,BEAV,48.18,34.55
2016,1,7,BOIS,40.52,26.35
2016,1,7,CENT,56.93,43.68
2016,1,7,NRMN,55.58,38.84
2016,1,7,STIL,50.65,36.83
2016,1,7,TISH,55.49,41.83
2016,1,7,TULN,51.58,42.05
2016,1,7,WOOD,45.42,37.88
2016,1,8,ARD2,-996.00,-996.00
2016,1,8,BEAV,35.27,27.69
2016,1,8,BOIS,29.74,19.34
2016,1,8,CENT,44.85,32.41
2016,1,8,NRMN,42.22,33.58
2016,1,8,STIL,42.07,36.20
2016,1,8,TISH,45.06,33.96
2016,1,8,TULN,47.89,36.84
2016,1,8,WOOD,38.50,29.16
2016,1,9,ARD2,-996.00,-996.00
2016,1,9,BEAV,31.11,13.21
2016,1,9,BOIS,29.19,10.89
2016,1,9,CENT,40.89,26.77
2016,1,9,NRMN,36.81,23.93
2016,1,9,STIL,36.13,21.16
2016,1,9,TISH,40.30,26.48
2016,1,9,TULN,37.44,20.38
2016,1,9,WOOD,30.55,18.36
2016,1,10,ARD2,-996.00,-996.00
2016,1,10,BEAV,34.16,8.22
2016,1,10,BOIS,33.06,16.72
2016,1,10,CENT,33.80,18.43
2016,1,10,NRMN,31.70,15.62
2016,1,10,STIL,29.89,12.25
2016,1,10,TISH,35.23,19.13
2016,1,10,TULN,28.53,10.51
2016,1,10,WOOD,37.30,10.87
2016,1,11,ARD2,-996.00,-996.00
2016,1,11,BEAV,49.30,11.62
2016,1,11,BOIS,44.47,12.24
2016,1,11,CENT,45.17,20.14
2016,1,11,NRMN,48.36,26.93
2016,1,11,STIL,48.36,20.88
2016,1,11,TISH,46.81,24.95
2016,1,11,TULN,49.12,22.42
2016,1,11,WOOD,49.89,25.09
2016,1,12,ARD2,59.97,28.60
2016,1,12,BEAV,50.13,13.26
2016,1,12,BOIS,53.13,18.85
2016,1,12,CENT,60.57,23.57
2016,1,12,NRMN,58.53,26.63
2016,1,12,STIL,51.71,27.19
2016,1,12,TISH,61.16,25.21
2016,1,12,TULN,47.21,30.49
2016,1,12,WOOD,50.94,22.89
2016,1,13,ARD2,63.21,34.61
2016,1,13,BEAV,55.35,18.52
2016,1,13,BOIS,54.18,24.05
2016,1,13,CENT,63.95,26.08
2016,1,13,NRMN,62.76,25.67
2016,1,13,STIL,56.08,23.85
2016,1,13,TISH,63.50,27.13
2016,1,13,TULN,60.37,24.66
2016,1,13,WOOD,55.17,22.11
2016,1,14,ARD2,63.64,41.50
2016,1,14,BEAV,61.38,19.03
2016,1,14,BOIS,56.53,22.41
2016,1,14,CENT,66.13,37.01
2016,1,14,NRMN,65.39,37.56
2016,1,14,STIL,65.93,22.68
2016,1,14,TISH,64.60,36.96
2016,1,14,TULN,65.62,40.22
2016,1,14,WOOD,58.62,28.71
2016,1,15,ARD2,57.31,41.36
2016,1,15,BEAV,48.74,23.88
2016,1,15,BOIS,43.33,18.95
2016,1,15,CENT,57.74,38.17
2016,1,15,NRMN,52.99,36.47
2016,1,15,STIL,49.78,32.86
2016,1,15,TISH,57.72,40.42
2016,1,15,TULN,52.84,34.08
2016,1,15,WOOD,50.45,30.24
2016,1,16,ARD2,43.05,28.20
2016,1,16,BEAV,46.69,21.87
2016,1,16,BOIS,41.56,21.55
2016,1,16,CENT,42.51,22.18
2016,1,16,NRMN,42.34,25.19
2016,1,16,STIL,39.73,21.86
2016,1,16,TISH,43.15,24.99
2016,1,16,TULN,40.21,26.45
2016,1,16,WOOD,46.62,29.32
2016,1,17,ARD2,52.61,24.97
2016,1,17,BEAV,25.29,18.16
2016,1,17,BOIS,26.79,18.09
2016,1,17,CENT,54.23,20.43
2016,1,17,NRMN,42.33,22.36
2016,1,17,STIL,28.94,19.21
2016,1,17,TISH,51.67,19.62
2016,1,17,TULN,29.97,18.30
2016,1,17,WOOD,35.87,18.65
2016,1,18,ARD2,42.00,21.55
2016,1,18,BEAV,37.65,19.16
2016,1,18,BOIS,56.66,14.00
2016,1,18,CENT,38.44,19.36
2016,1,18,NRMN,33.26,20.12
2016,1,18,STIL,34.09,13.91
2016,1,18,TISH,39.64,20.66
2016,1,18,TULN,33.45,17.29
2016,1,18,WOOD,37.72,18.62
2016,1,19,ARD2,56.77,29.54
2016,1,19,BEAV,36.56,19.01
2016,1,19,BOIS,47.19,22.03
2016,1,19,CENT,43.48,24.13
2016,1,19,NRMN,51.87,28.13
2016,1,19,STIL,39.52,27.33
2016,1,19,TISH,48.90,30.48
2016,1,19,TULN,37.19,27.12
2016,1,19,WOOD,32.49,22.74
2016,1,20,ARD2,40.60,32.04
2016,1,20,BEAV,55.74,13.71
2016,1,20,BOIS,58.60,22.34
2016,1,20,CENT,38.04,29.25
2016,1,20,NRMN,39.61,28.61
2016,1,20,STIL,32.22,27.03
2016,1,20,TISH,37.98,31.73
2016,1,20,TULN,33.00,26.60
2016,1,20,WOOD,41.46,17.58
2016,1,21,ARD2,40.74,34.51
2016,1,21,BEAV,40.32,17.11
2016,1,21,BOIS,44.63,21.74
2016,1,21,CENT,38.86,33.41
2016,1,21,NRMN,36.29,31.72
2016,1,21,STIL,34.71,30.62
2016,1,21,TISH,39.88,33.26
2016,1,21,TULN,36.54,29.37
2016,1,21,WOOD,34.99,19.52
2016,1,22,ARD2,42.33,29.76
2016,1,22,BEAV,35.35,13.86
2016,1,22,BOIS,52.09,18.10
2016,1,22,CENT,42.80,27.52
2016,1,22,NRMN,33.75,27.40
2016,1,22,STIL,30.75,25.04
2016,1,22,TISH,42.12,28.15
2016,1,22,TULN,37.62,24.01
2016,1,22,WOOD,34.40,22.49
2016,1,23,ARD2,47.82,26.85
2016,1,23,BEAV,55.63,16.03
2016,1,23,BOIS,63.27,23.71
2016,1,23,CENT,46.34,26.60
2016,1,23,NRMN,47.39,25.72
2016,1,23,STIL,46.18,26.33
2016,1,23,TISH,45.45,26.14
2016,1,23,TULN,42.72,27.95
2016,1,23,WOOD,46.78,21.75
2016,1,24,ARD2,59.95,36.10
2016,1,24,BEAV,73.06,21.52
2016,1,24,BOIS,66.92,28.79
2016,1,24,CENT,58.98,32.70
2016,1,24,NRMN,61.05,35.56
2016,1,24,STIL,61.39,35.38
2016,1,24,TISH,57.85,29.72
2016,1,24,TULN,56.93,35.83
2016,1,24,WOOD,67.03,31.35
2016,1,25,ARD2,59.94,39.29
2016,1,25,BEAV,50.50,22.65
2016,1,25,BOIS,47.61,23.89
2016,1,25,CENT,58.89,34.83
2016,1,25,NRMN,54.43,34.21
2016,1,25,STIL,53.15,28.29
2016,1,25,TISH,58.12,35.67
2016,1,25,TULN,52.68,36.13
2016,1,25,WOOD,51.84,30.87
2016,1,26,ARD2,51.60,31.98
2016,1,26,BEAV,50.02,17.87
2016,1,26,BOIS,46.15,18.08
2016,1,26,CENT,51.37,25.87
2016,1,26,NRMN,49.73,25.95
2016,1,26,STIL,49.59,22.47
2016,1,26,TISH,51.24,28.91
2016,1,26,TULN,51.33,30.00
2016,1,26,WOOD,49.95,21.48
2016,1,27,ARD2,55.72,25.71
2016,1,27,BEAV,58.64,15.46
2016,1,27,BOIS,58.80,19.25
2016,1,27,CENT,56.64,19.18
2016,1,27,NRMN,57.87,21.39
2016,1,27,STIL,58.84,18.66
2016,1,27,TISH,55.69,23.93
2016,1,27,TULN,57.29,23.57
2016,1,27,WOOD,58.37,26.59
2016,1,28,ARD2,67.84,30.30
2016,1,28,BEAV,67.78,20.80
2016,1,28,BOIS,63.14,23.04
2016,1,28,CENT,67.91,26.26
2016,1,28,NRMN,67.80,29.92
2016,1,28,STIL,64.71,27.15
2016,1,28,TISH,66.85,26.63
2016,1,28,TULN,65.46,34.69
2016,1,28,WOOD,67.48,29.48
2016,1,29,ARD2,75.43,41.63
2016,1,29,BEAV,75.31,21.49
2016,1,29,BOIS,67.87,29.34
2016,1,29,CENT,74.34,30.84
2016,1,29,NRMN,76.14,41.75
2016,1,29,STIL,76.37,27.03
2016,1,29,TISH,73.81,32.49
2016,1,29,TULN,75.00,33.54
2016,1,29,WOOD,72.66,42.78
2016,1,30,ARD2,72.77,37.32
2016,1,30,BEAV,73.92,23.27
2016,1,30,BOIS,71.74,25.44
2016,1,30,CENT,71.92,32.81
2016,1,30,NRMN,75.24,33.76
2016,1,30,STIL,75.29,31.91
2016,1,30,TISH,70.81,37.22
2016,1,30,TULN,70.86,38.93
2016,1,30,WOOD,76.55,28.89
2016,1,31,ARD2,63.45,46.16
2016,1,31,BEAV,54.97,30.29
2016,1,31,BOIS,48.15,24.85
2016,1,31,CENT,66.09,44.50
2016,1,31,NRMN,62.46,39.35
2016,1,31,STIL,63.77,38.68
2016,1,31,TISH,65.62,45.95
2016,1,31,TULN,63.84,45.25
2016,1,31,WOOD,62.42,35.38
2016,2,1,ARD2,68.14,38.54
2016,2,1,BEAV,50.49,21.21
2016,2,1,BOIS,42.40,24.85
2016,2,1,CENT,68.18,32.84
2016,2,1,NRMN,66.61,35.57
2016,2,1,STIL,63.14,31.94
2016,2,1,TISH,67.01,38.55
2016,2,1,TULN,65.01,36.35
2016,2,1,WOOD,54.57,27.55
2016,2,2,ARD2,63.61,38.00
2016,2,2,BEAV,35.67,22.17
2016,2,2,BOIS,32.64,20.55
2016,2,2,CENT,65.05,38.27
2016,2,2,NRMN,52.74,34.28
2016,2,2,STIL,51.35,36.51
2016,2,2,TISH,63.03,37.58
2016,2,2,TULN,59.05,37.16
2016,2,2,WOOD,41.20,30.81
2016,2,3,ARD2,46.89,29.46
2016,2,3,BEAV,41.36,16.95
2016,2,3,BOIS,34.14,12.06
2016,2,3,CENT,49.08,24.03
2016,2,3,NRMN,42.85,28.68
2016,2,3,STIL,42.51,28.99
2016,2,3,TISH,47.01,26.50
2016,2,3,TULN,44.41,29.58
2016,2,3,WOOD,43.92,22.51
2016,2,4,ARD2,51.39,25.62
2016,2,4,BEAV,48.51,14.27
2016,2,4,BOIS,44.20,7.03
2016,2,4,CENT,51.78,18.24
2016,2,4,NRMN,50.04,22.47
2016,2,4,STIL,49.77,20.68
2016,2,4,TISH,51.62,23.03
2016,2,4,TULN,50.74,23.81
2016,2,4,WOOD,49.15,17.69
2016,2,5,ARD2,56.26,28.57
2016,2,5,BEAV,44.07,21.89
2016,2,5,BOIS,41.07,17.10
2016,2,5,CENT,56.61,23.84
2016,2,5,NRMN,55.47,33.74
2016,2,5,STIL,56.10,25.48
2016,2,5,TISH,55.74,22.33
2016,2,5,TULN,56.84,29.90
2016,2,5,WOOD,49.69,27.57
2016,2,6,ARD2,52.84,35.22
2016,2,6,BEAV,56.01,18.57
2016,2,6,BOIS,56.68,14.23
2016,2,6,CENT,56.34,33.94
2016,2,6,NRMN,51.49,37.92
2016,2,6,STIL,51.30,33.12
2016,2,6,TISH,53.47,35.53
2016,2,6,TULN,55.09,37.78
2016,2,6,WOOD,54.73,21.59
2016,2,7,ARD2,62.89,32.83
2016,2,7,BEAV,56.07,23.55
2016,2,7,BOIS,52.41,18.39
2016,2,7,CENT,63.45,28.93
2016,2,7,NRMN,59.70,33.12
2016,2,7,STIL,58.21,30.15
2016,2,7,TISH,62.37,28.34
2016,2,7,TULN,59.34,37.53
2016,2,7,WOOD,57.51,29.64
2016,2,8,ARD2,53.06,37.70
2016,2,8,BEAV,49.50,23.74
2016,2,8,BOIS,49.75,18.45
2016,2,8,CENT,52.81,34.47
2016,2,8,NRMN,50.22,30.63
2016,2,8,STIL,48.16,32.96
2016,2,8,TISH,51.85,36.15
2016,2,8,TULN,48.16,34.16
2016,2,8,WOOD,48.83,30.84
2016,2,9,ARD2,56.14,29.47
2016,2,9,BEAV,58.93,22.08
2016,2,9,BOIS,63.12,29.20
2016,2,9,CENT,54.21,26.14
2016,2,9,NRMN,52.25,26.94
2016,2,9,STIL,47.03,29.14
2016,2,9,TISH,55.45,30.80
2016,2,9,TULN,46.15,27.93
2016,2,9,WOOD,54.55,28.33
2016,2,10,ARD2,73.98,29.69
2016,2,10,BEAV,81.45,24.44
2016,2,10,BOIS,77.25,27.47
2016,2,10,CENT,67.14,23.27
2016,2,10,NRMN,72.00,24.78
2016,2,10,STIL,73.96,26.09
2016,2,10,TISH,69.87,23.29
2016,2,10,TULN,68.34,24.20
2016,2,10,WOOD,81.61,27.67
2016,2,11,ARD2,69.98,43.07
2016,2,11,BEAV,67.35,26.83
2016,2,11,BOIS,68.99,24.47
2016,2,11,CENT,66.36,33.81
2016,2,11,NRMN,62.01,35.95
2016,2,11,STIL,56.41,30.76
2016,2,11,TISH,67.33,42.82
2016,2,11,TULN,54.63,33.32
2016,2,11,WOOD,60.84,33.68
2016,2,12,ARD2,68.27,35.36
2016,2,12,BEAV,59.61,27.28
2016,2,12,BOIS,62.49,27.92
2016,2,12,CENT,65.62,27.76
2016,2,12,NRMN,60.93,31.15
2016,2,12,STIL,52.84,26.69
2016,2,12,TISH,66.02,33.47
2016,2,12,TULN,50.90,30.58
2016,2,12,WOOD,57.11,29.32
2016,2,13,ARD2,60.13,34.28
2016,2,13,BEAV,64.08,19.09
2016,2,13,BOIS,76.71,24.11
2016,2,13,CENT,57.90,33.17
2016,2,13,NRMN,58.75,30.36
2016,2,13,STIL,54.12,28.05
2016,2,13,TISH,58.37,34.43
2016,2,13,TULN,52.54,27.26
2016,2,13,WOOD,56.07,23.23
2016,2,14,ARD2,66.52,47.70
2016,2,14,BEAV,57.16,25.81
2016,2,14,BOIS,55.22,29.04
2016,2,14,CENT,58.78,46.44
2016,2,14,NRMN,57.79,42.86
2016,2,14,STIL,57.79,35.17
2016,2,14,TISH,62.85,46.16
2016,2,14,TULN,57.97,38.13
2016,2,14,WOOD,56.80,28.89
2016,2,15,ARD2,66.33,44.24
2016,2,15,BEAV,67.77,30.14
2016,2,15,BOIS,64.42,24.76
2016,2,15,CENT,66.92,36.43
2016,2,15,NRMN,62.96,38.68
2016,2,15,STIL,62.38,35.74
2016,2,15,TISH,66.00,37.39
2016,2,15,TULN,64.51,37.65
2016,2,15,WOOD,66.13,36.56
2016,2,16,ARD2,65.68,42.70
2016,2,16,BEAV,57.65,33.33
2016,2,16,BOIS,57.36,30.76
2016,2,16,CENT,65.86,36.86
2016,2,16,NRMN,60.78,36.79
2016,2,16,STIL,58.57,32.50
2016,2,16,TISH,65.73,38.40
2016,2,16,TULN,59.49,40.12
2016,2,16,WOOD,58.60,36.22
2016,2,17,ARD2,69.93,33.74
2016,2,17,BEAV,73.06,24.40
2016,2,17,BOIS,72.48,28.95
2016,2,17,CENT,69.64,29.16
2016,2,17,NRMN,70.59,32.34
2016,2,17,STIL,72.70,28.84
2016,2,17,TISH,68.88,30.82
2016,2,17,TULN,70.88,33.02
2016,2,17,WOOD,74.34,34.80
2016,2,18,ARD2,73.76,50.32
2016,2,18,BEAV,89.65,50.67
2016,2,18,BOIS,83.82,44.34
2016,2,18,CENT,73.26,48.36
2016,2,18,NRMN,75.94,51.51
2016,2,18,STIL,78.40,49.98
2016,2,18,TISH,71.73,47.55
2016,2,18,TULN,-996.00,-996.00
2016,2,18,WOOD,87.31,50.63
2016,2,19,ARD2,76.78,57.90
2016,2,19,BEAV,72.66,46.62
2016,2,19,BOIS,68.86,36.60
2016,2,19,CENT,72.86,60.44
2016,2,19,NRMN,74.64,56.50
2016,2,19,STIL,74.75,49.80
2016,2,19,TISH,74.44,58.15
2016,2,19,TULN,-996.00,-996.00
2016,2,19,WOOD,72.70,51.40
2016,2,20,ARD2,80.37,62.28
2016,2,20,BEAV,75.43,33.99
2016,2,20,BOIS,67.21,32.46
2016,2,20,CENT,78.08,60.33
2016,2,20,NRMN,82.60,53.65
2016,2,20,STIL,79.47,47.80
2016,2,20,TISH,78.10,59.94
2016,2,20,TULN,-996.00,-996.00
2016,2,20,WOOD,76.06,46.71
2016,2,21,ARD2,69.37,54.91
2016,2,21,BEAV,59.92,33.01
2016,2,21,BOIS,53.22,28.93
2016,2,21,CENT,68.76,54.90
2016,2,21,NRMN,64.92,48.38
2016,2,21,STIL,65.17,39.30
2016,2,21,TISH,67.41,54.95
2016,2,21,TULN,-996.00,-996.00
2016,2,21,WOOD,61.74,37.03
2016,2,22,ARD2,66.42,45.59
2016,2,22,BEAV,58.44,22.96
2016,2,22,BOIS,54.52,20.88
2016,2,22,CENT,65.86,44.83
2016,2,22,NRMN,61.41,38.15
2016,2,22,STIL,57.63,29.74
2016,2,22,TISH,65.12,44.60
2016,2,22,TULN,-996.00,-996.00
2016,2,22,WOOD,56.43,27.38
2016,2,23,ARD2,47.37,39.47
2016,2,23,BEAV,52.03,25.90
2016,2,23,BOIS,46.78,22.98
2016,2,23,CENT,50.05,37.15
2016,2,23,NRMN,50.20,39.60
2016,2,23,STIL,48.52,40.79
2016,2,23,TISH,48.85,38.94
2016,2,23,TULN,46.51,39.00
2016,2,23,WOOD,51.53,32.06
2016,2,24,ARD2,58.05,36.92
2016,2,24,BEAV,61.39,21.44
2016,2,24,BOIS,58.24,18.75
2016,2,24,CENT,57.04,33.45
2016,2,24,NRMN,58.35,33.79
2016,2,24,STIL,56.73,32.89
2016,2,24,TISH,56.32,36.14
2016,2,24,TULN,54.81,34.65
2016,2,24,WOOD,60.93,26.87
2016,2,25,ARD2,51.76,36.34
2016,2,25,BEAV,50.38,20.41
2016,2,25,BOIS,48.02,15.35
2016,2,25,CENT,52.05,28.58
2016,2,25,NRMN,49.87,29.91
2016,2,25,STIL,49.03,25.26
2016,2,25,TISH,51.82,29.32
2016,2,25,TULN,50.49,31.99
2016,2,25,WOOD,49.19,25.74
2016,2,26,ARD2,60.48,28.30
2016,2,26,BEAV,67.86,23.26
2016,2,26,BOIS,63.36,24.50
2016,2,26,CENT,58.98,22.52
2016,2,26,NRMN,59.97,23.73
2016,2,26,STIL,62.02,19.54
2016,2,26,TISH,58.96,22.13
2016,2,26,TULN,60.62,27.47
2016,2,26,WOOD,67.42,29.38
2016,2,27,ARD2,70.74,35.58
2016,2,27,BEAV,79.20,21.93
2016,2,27,BOIS,75.70,32.72
2016,2,27,CENT,71.22,33.50
2016,2,27,NRMN,71.89,34.41
2016,2,27,STIL,74.91,28.40
2016,2,27,TISH,70.66,30.04
2016,2,27,TULN,75.31,39.73
2016,2,27,WOOD,76.53,34.64
2016,2,28,ARD2,74.59,52.56
2016,2,28,BEAV,67.98,34.85
2016,2,28,BOIS,62.06,35.14
2016,2,28,CENT,75.61,51.04
2016,2,28,NRMN,72.86,46.74
2016,2,28,STIL,72.90,40.07
2016,2,28,TISH,74.16,51.49
2016,2,28,TULN,74.93,50.45
2016,2,28,WOOD,69.53,44.76
2016,2,29,ARD2,75.67,43.04
2016,2,29,BEAV,77.88,31.08
2016,2,29,BOIS,70.81,33.36
2016,2,29,CENT,75.34,34.50
2016,2,29,NRMN,75.07,41.83
2016,2,29,STIL,76.41,30.08
2016,2,29,TISH,74.05,42.85
2016,2,29,TULN,74.21,38.10
2016,2,29,WOOD,75.43,44.12
2016,3,1,ARD2,65.55,43.31
2016,3,1,BEAV,60.40,30.36
2016,3,1,BOIS,56.03,30.22
2016,3,1,CENT,62.11,37.38
2016,3,1,NRMN,57.92,39.31
2016,3,1,STIL,59.94,32.00
2016,3,1,TISH,63.43,37.91
2016,3,1,TULN,59.32,40.83
2016,3,1,WOOD,59.70,35.65
2016,3,2,ARD2,68.05,37.86
2016,3,2,BEAV,76.93,36.04
2016,3,2,BOIS,77.16,29.79
2016,3,2,CENT,66.83,34.30
2016,3,2,NRMN,67.62,40.09
2016,3,2,STIL,69.08,31.15
2016,3,2,TISH,66.67,33.14
2016,3,2,TULN,66.11,35.68
2016,3,2,WOOD,70.83,40.25
2016,3,3,ARD2,65.61,44.22
2016,3,3,BEAV,64.31,34.29
2016,3,3,BOIS,61.45,31.09
2016,3,3,CENT,66.27,38.76
2016,3,3,NRMN,63.61,40.74
2016,3,3,STIL,63.07,36.65
2016,3,3,TISH,65.77,38.33
2016,3,3,TULN,64.47,44.25
2016,3,3,WOOD,64.63,41.96
2016,3,4,ARD2,70.23,36.01
2016,3,4,BEAV,73.26,37.83
2016,3,4,BOIS,72.00,35.31
2016,3,4,CENT,70.88,33.24
2016,3,4,NRMN,71.40,35.97
2016,3,4,STIL,72.82,29.89
2016,3,4,TISH,69.42,33.20
2016,3,4,TULN,71.73,37.01
2016,3,4,WOOD,77.07,40.02
2016,3,5,ARD2,75.20,40.68
2016,3,5,BEAV,72.09,27.24
2016,3,5,BOIS,66.42,25.24
2016,3,5,CENT,75.94,38.36
2016,3,5,NRMN,74.66,38.47
2016,3,5,STIL,73.54,35.13
2016,3,5,TISH,74.61,38.40
2016,3,5,TULN,73.22,43.80
2016,3,5,WOOD,69.87,37.23
2016,3,6,ARD2,72.59,53.60
2016,3,6,BEAV,82.15,52.66
2016,3,6,BOIS,73.47,40.95
2016,3,6,CENT,73.51,46.42
2016,3,6,NRMN,71.04,52.21
2016,3,6,STIL,73.74,46.03
2016,3,6,TISH,71.87,45.92
2016,3,6,TULN,74.71,48.42
2016,3,6,WOOD,75.87,53.47
2016,3,7,ARD2,65.52,57.52
2016,3,7,BEAV,79.09,49.19
2016,3,7,BOIS,70.65,33.25
2016,3,7,CENT,66.11,59.16
2016,3,7,NRMN,64.27,58.89
2016,3,7,STIL,67.23,62.46
2016,3,7,TISH,63.70,57.45
2016,3,7,TULN,68.61,58.93
2016,3,7,WOOD,78.08,59.13
2016,3,8,ARD2,62.40,54.90
2016,3,8,BEAV,62.02,38.82
2016,3,8,BOIS,58.32,30.09
2016,3,8,CENT,63.10,55.78
2016,3,8,NRMN,64.63,52.16
2016,3,8,STIL,62.98,50.00
2016,3,8,TISH,62.17,54.34
2016,3,8,TULN,62.47,54.46
2016,3,8,WOOD,63.41,46.58
2016,3,9,ARD2,61.20,52.16
2016,3,9,BEAV,66.69,29.85
2016,3,9,BOIS,63.66,25.12
2016,3,9,CENT,62.65,53.01
2016,3,9,NRMN,-996.00,-996.00
2016,3,9,STIL,61.86,48.87
2016,3,9,TISH,60.37,53.17
2016,3,9,TULN,61.34,51.26
2016,3,9,WOOD,64.26,40.53
2016,3,10,ARD2,63.34,56.84
2016,3,10,BEAV,71.40,31.60
2016,3,10,BOIS,64.76,32.07
2016,3,10,CENT,63.61,57.07
2016,3,10,NRMN,68.83,54.36
2016,3,10,STIL,69.08,46.09
2016,3,10,TISH,62.98,56.62
2016,3,10,TULN,65.07,51.69
2016,3,10,WOOD,69.93,41.02
2016,3,11,ARD2,59.86,53.96
2016,3,11,BEAV,71.04,28.62
2016,3,11,BOIS,68.41,26.94
2016,3,11,CENT,59.77,52.25
2016,3,11,NRMN,65.97,49.68
2016,3,11,STIL,67.87,42.87
2016,3,11,TISH,58.55,52.41
2016,3,11,TULN,64.22,45.76
2016,3,11,WOOD,68.74,34.12
2016,3,12,ARD2,-996.00,-996.00
2016,3,12,BEAV,61.39,40.10
2016,3,12,BOIS,69.53,27.72
2016,3,12,CENT,65.98,53.46
2016,3,12,NRMN,66.15,53.80
2016,3,12,STIL,67.98,53.62
2016,3,12,TISH,65.97,55.33
2016,3,12,TULN,66.56,53.29
2016,3,12,WOOD,64.24,50.31
2016,3,13,ARD2,-996.00,-996.00
2016,3,13,BEAV,74.88,40.88
2016,3,13,BOIS,70.90,41.09
2016,3,13,CENT,72.97,49.89
2016,3,13,NRMN,67.53,50.34
2016,3,13,STIL,61.54,46.56
2016,3,13,TISH,71.55,50.90
2016,3,13,TULN,69.42,50.36
2016,3,13,WOOD,69.28,50.20
2016,3,14,ARD2,81.48,46.81
2016,3,14,BEAV,84.09,31.33
2016,3,14,BOIS,77.40,33.78
2016,3,14,CENT,82.35,44.77
2016,3,14,NRMN,82.45,47.17
2016,3,14,STIL,83.14,43.58
2016,3,14,TISH,80.22,44.99
2016,3,14,TULN,-996.00,-996.00
2016,3,14,WOOD,82.63,45.80
2016,3,15,ARD2,75.18,52.52
2016,3,15,BEAV,63.34,33.65
2016,3,15,BOIS,59.63,30.19
2016,3,15,CENT,77.22,44.41
2016,3,15,NRMN,72.14,49.35
2016,3,15,STIL,70.52,42.56
2016,3,15,TISH,76.01,50.09
2016,3,15,TULN,74.17,51.19
2016,3,15,WOOD,66.72,42.68
2016,3,16,ARD2,72.97,43.45
2016,3,16,BEAV,62.26,23.58
2016,3,16,BOIS,55.90,25.56
2016,3,16,CENT,72.09,37.04
2016,3,16,NRMN,69.64,36.90
2016,3,16,STIL,62.94,35.79
2016,3,16,TISH,71.42,44.01
2016,3,16,TULN,66.04,43.55
2016,3,16,WOOD,64.04,33.19
2016,3,17,ARD2,58.66,49.53
2016,3,17,BEAV,68.94,24.27
2016,3,17,BOIS,65.39,21.15
2016,3,17,CENT,66.65,49.59
2016,3,17,NRMN,69.89,48.74
2016,3,17,STIL,68.85,38.17
2016,3,17,TISH,62.62,48.96
2016,3,17,TULN,70.97,41.67
2016,3,17,WOOD,67.24,38.55
2016,3,18,ARD2,55.29,39.64
2016,3,18,BEAV,44.05,22.95
2016,3,18,BOIS,35.99,27.52
2016,3,18,CENT,57.85,39.29
2016,3,18,NRMN,56.28,37.73
2016,3,18,STIL,54.63,36.45
2016,3,18,TISH,55.78,38.72
2016,3,18,TULN,57.83,40.19
2016,3,18,WOOD,47.46,29.53
2016,3,19,ARD2,57.42,35.76
2016,3,19,BEAV,51.22,19.32
2016,3,19,BOIS,42.94,14.20
2016,3,19,CENT,57.90,35.23
2016,3,19,NRMN,55.69,33.11
2016,3,19,STIL,53.94,29.12
2016,3,19,TISH,56.37,35.31
2016,3,19,TULN,56.21,32.52
2016,3,19,WOOD,52.74,23.57
2016,3,20,ARD2,52.48,32.29
2016,3,20,BEAV,54.95,12.42
2016,3,20,BOIS,57.33,9.88
2016,3,20,CENT,53.17,30.49
2016,3,20,NRMN,50.40,28.19
2016,3,20,STIL,50.36,28.68
2016,3,20,TISH,52.21,30.83
2016,3,20,TULN,52.25,33.14
2016,3,20,WOOD,52.36,20.69
2016,3,21,ARD2,64.81,32.22
2016,3,21,BEAV,81.54,37.73
2016,3,21,BOIS,80.83,30.75
2016,3,21,CENT,64.45,28.98
2016,3,21,NRMN,66.83,30.76
2016,3,21,STIL,67.59,28.64
2016,3,21,TISH,63.21,27.45
2016,3,21,TULN,66.72,35.46
2016,3,21,WOOD,75.42,36.13
2016,3,22,ARD2,73.71,49.24
2016,3,22,BEAV,89.47,54.32
2016,3,22,BOIS,82.99,45.66
2016,3,22,CENT,72.30,46.15
2016,3,22,NRMN,75.88,47.70
2016,3,22,STIL,77.07,53.29
2016,3,22,TISH,72.18,46.63
2016,3,22,TULN,75.49,51.78
2016,3,22,WOOD,87.66,54.25
2016,3,23,ARD2,82.44,56.08
2016,3,23,BEAV,68.79,37.03
2016,3,23,BOIS,57.96,30.97
2016,3,23,CENT,80.28,59.34
2016,3,23,NRMN,80.67,46.51
2016,3,23,STIL,79.95,45.38
2016,3,23,TISH,78.96,57.31
2016,3,23,TULN,81.09,52.90
2016,3,23,WOOD,75.61,37.12
2016,3,24,ARD2,59.23,41.11
2016,3,24,BEAV,58.23,28.41
2016,3,24,BOIS,58.05,23.39
2016,3,24,CENT,59.90,36.41
2016,3,24,NRMN,57.69,37.10
2016,3,24,STIL,57.15,32.68
2016,3,24,TISH,58.68,36.83
2016,3,24,TULN,59.65,40.18
2016,3,24,WOOD,57.16,32.99
2016,3,25,ARD2,66.65,35.67
2016,3,25,BEAV,75.76,31.19
2016,3,25,BOIS,66.16,26.26
2016,3,25,CENT,66.38,29.50
2016,3,25,NRMN,66.94,28.48
2016,3,25,STIL,67.32,27.68
2016,3,25,TISH,65.41,31.95
2016,3,25,TULN,64.35,32.85
2016,3,25,WOOD,68.92,35.84
2016,3,26,ARD2,74.19,50.13
2016,3,26,BEAV,57.99,32.17
2016,3,26,BOIS,47.25,27.04
2016,3,26,CENT,73.58,47.70
2016,3,26,NRMN,73.60,49.30
2016,3,26,STIL,72.32,47.55
2016,3,26,TISH,72.48,48.15
2016,3,26,TULN,73.42,47.44
2016,3,26,WOOD,62.06,36.05
2016,3,27,ARD2,59.58,43.10
2016,3,27,BEAV,55.71,23.72
2016,3,27,BOIS,55.15,20.04
2016,3,27,CENT,57.13,34.91
2016,3,27,NRMN,57.31,37.51
2016,3,27,STIL,55.98,33.59
2016,3,27,TISH,58.73,37.43
2016,3,27,TULN,58.23,39.44
2016,3,27,WOOD,56.55,30.41
2016,3,28,ARD2,69.19,35.87
2016,3,28,BEAV,76.06,33.02
2016,3,28,BOIS,74.26,29.44
2016,3,28,CENT,69.48,29.15
2016,3,28,NRMN,70.05,31.23
2016,3,28,STIL,71.11,28.85
2016,3,28,TISH,67.42,31.79
2016,3,28,TULN,68.27,33.45
2016,3,28,WOOD,70.20,39.51
2016,3,29,ARD2,74.05,48.70
2016,3,29,BEAV,73.02,48.60
2016,3,29,BOIS,74.73,48.49
2016,3,29,CENT,73.90,44.30
2016,3,29,NRMN,72.30,50.90
2016,3,29,STIL,75.33,46.94
2016,3,29,TISH,72.03,47.55
2016,3,29,TULN,73.38,47.30
2016,3,29,WOOD,69.03,49.60
2016,3,30,ARD2,79.36,62.89
2016,3,30,BEAV,76.28,46.26
2016,3,30,BOIS,67.39,34.30
2016,3,30,CENT,78.58,62.10
2016,3,30,NRMN,83.08,61.30
2016,3,30,STIL,84.67,62.83
2016,3,30,TISH,76.96,62.62
2016,3,30,TULN,77.31,64.13
2016,3,30,WOOD,79.72,52.99
2016,3,31,ARD2,69.31,50.38
2016,3,31,BEAV,62.13,32.33
2016,3,31,BOIS,55.53,25.53
2016,3,31,CENT,70.68,45.42
2016,3,31,NRMN,65.98,48.58
2016,3,31,STIL,66.61,47.39
2016,3,31,TISH,69.12,49.19
2016,3,31,TULN,68.58,51.19
2016,3,31,WOOD,64.08,39.69
2016,4,1,ARD2,63.07,44.67
2016,4,1,BEAV,59.49,27.33
2016,4,1,BOIS,55.08,24.94
2016,4,1,CENT,63.81,38.53
2016,4,1,NRMN,60.62,44.28
2016,4,1,STIL,61.83,37.14
2016,4,1,TISH,62.92,42.63
2016,4,1,TULN,62.40,44.19
2016,4,1,WOOD,61.38,35.46
2016,4,2,ARD2,68.04,40.62
2016,4,2,BEAV,72.55,26.22
2016,4,2,BOIS,66.11,24.34
2016,4,2,CENT,68.67,31.48
2016,4,2,NRMN,70.16,31.67
2016,4,2,STIL,71.89,28.99
2016,4,2,TISH,68.02,35.61
2016,4,2,TULN,70.86,35.44
2016,4,2,WOOD,70.83,29.67
2016,4,3,ARD2,77.22,43.67
2016,4,3,BEAV,82.33,37.06
2016,4,3,BOIS,75.06,35.51
2016,4,3,CENT,75.20,37.87
2016,4,3,NRMN,77.04,45.09
2016,4,3,STIL,80.01,39.96
2016,4,3,TISH,75.07,36.78
2016,4,3,TULN,79.16,46.81
2016,4,3,WOOD,82.60,49.05
2016,4,4,ARD2,85.42,47.39
2016,4,4,BEAV,80.26,38.69
2016,4,4,BOIS,76.98,36.15
2016,4,4,CENT,83.71,43.64
2016,4,4,NRMN,82.96,49.51
2016,4,4,STIL,81.77,42.77
2016,4,4,TISH,83.48,44.70
2016,4,4,TULN,78.71,51.71
2016,4,4,WOOD,79.45,46.10
2016,4,5,ARD2,85.32,50.92
2016,4,5,BEAV,91.49,53.46
2016,4,5,BOIS,84.76,40.09
2016,4,5,CENT,84.49,44.06
2016,4,5,NRMN,85.78,55.20
2016,4,5,STIL,88.57,49.59
2016,4,5,TISH,82.63,51.22
2016,4,5,TULN,86.59,46.98
2016,4,5,WOOD,87.85,55.35
2016,4,6,ARD2,74.75,49.24
2016,4,6,BEAV,74.48,36.09
2016,4,6,BOIS,74.26,30.11
2016,4,6,CENT,74.64,43.66
2016,4,6,NRMN,73.02,49.06
2016,4,6,STIL,72.55,43.90
2016,4,6,TISH,73.58,43.57
2016,4,6,TULN,73.22,56.37
2016,4,6,WOOD,72.72,47.26
2016,4,7,ARD2,80.55,44.71
2016,4,7,BEAV,72.90,38.06
2016,4,7,BOIS,68.00,39.84
2016,4,7,CENT,79.92,39.60
2016,4,7,NRMN,77.36,48.29
2016,4,7,STIL,75.92,38.42
2016,4,7,TISH,79.84,41.44
2016,4,7,TULN,75.94,49.17
2016,4,7,WOOD,73.33,45.58
2016,4,8,ARD2,73.06,47.14
2016,4,8,BEAV,76.96,32.38
2016,4,8,BOIS,70.75,34.53
2016,4,8,CENT,72.52,38.17
2016,4,8,NRMN,71.08,41.41
2016,4,8,STIL,70.20,35.47
2016,4,8,TISH,71.51,41.16
2016,4,8,TULN,71.06,42.92
2016,4,8,WOOD,74.41,42.62
2016,4,9,ARD2,67.24,50.61
2016,4,9,BEAV,77.47,51.87
2016,4,9,BOIS,77.45,43.29
2016,4,9,CENT,69.96,41.93
2016,4,9,NRMN,74.08,49.19
2016,4,9,STIL,76.37,40.19
2016,4,9,TISH,66.76,40.93
2016,4,9,TULN,74.88,43.51
2016,4,9,WOOD,74.71,54.16
2016,4,10,ARD2,79.99,55.53
2016,4,10,BEAV,84.81,48.70
2016,4,10,BOIS,81.32,45.63
2016,4,10,CENT,75.31,55.51
2016,4,10,NRMN,84.74,56.25
2016,4,10,STIL,88.00,58.12
2016,4,10,TISH,76.01,54.66
2016,4,10,TULN,81.88,59.13
2016,4,10,WOOD,87.04,54.37
2016,4,11,ARD2,69.57,50.97
2016,4,11,BEAV,54.32,40.97
2016,4,11,BOIS,51.31,35.87
2016,4,11,CENT,69.21,48.27
2016,4,11,NRMN,68.25,49.37
2016,4,11,STIL,64.26,47.89
2016,4,11,TISH,69.35,51.73
2016,4,11,TULN,63.75,50.25
2016,4,11,WOOD,61.83,45.32
2016,4,12,ARD2,66.04,48.63
2016,4,12,BEAV,68.56,43.45
2016,4,12,BOIS,58.21,30.80
2016,4,12,CENT,67.95,46.02
2016,4,12,NRMN,67.66,42.81
2016,4,12,STIL,68.58,39.15
2016,4,12,TISH,65.66,48.65
2016,4,12,TULN,68.25,43.29
2016,4,12,WOOD,67.84,45.53
2016,4,13,ARD2,60.60,51.46
2016,4,13,BEAV,75.06,46.80
2016,4,13,BOIS,73.72,35.63
2016,4,13,CENT,65.10,51.75
2016,4,13,NRMN,62.19,52.65
2016,4,13,STIL,62.53,49.75
2016,4,13,TISH,61.97,50.70
2016,4,13,TULN,62.22,48.96
2016,4,13,WOOD,72.05,49.60
2016,4,14,ARD2,69.85,53.53
2016,4,14,BEAV,78.82,52.32
2016,4,14,BOIS,82.06,42.18
2016,4,14,CENT,69.94,50.63
2016,4,14,NRMN,-996.00,-996.00
2016,4,14,STIL,70.63,42.26
2016,4,14,TISH,69.04,52.92
2016,4,14,TULN,72.07,48.18
2016,4,14,WOOD,71.56,52.32
2016,4,15,ARD2,-996.00,-996.00
2016,4,15,BEAV,74.88,54.95
2016,4,15,BOIS,70.99,42.23
2016,4,15,CENT,73.76,50.77
2016,4,15,NRMN,74.08,54.75
2016,4,15,STIL,76.50,47.50
2016,4,15,TISH,71.87,50.99
2016,4,15,TULN,73.53,53.74
2016,4,15,WOOD,74.98,52.45
2016,4,16,ARD2,-996.00,-996.00
2016,4,16,BEAV,60.55,50.36
2016,4,16,BOIS,54.72,37.55
2016,4,16,CENT,72.61,61.72
2016,4,16,NRMN,75.83,62.11
2016,4,16,STIL,73.00,60.75
2016,4,16,TISH,73.15,61.47
2016,4,16,TULN,68.86,60.89
2016,4,16,WOOD,66.36,52.93
2016,4,17,ARD2,-996.00,-996.00
2016,4,17,BEAV,56.23,44.44
2016,4,17,BOIS,54.59,35.20
2016,4,17,CENT,66.09,61.29
2016,4,17,NRMN,-996.00,-996.00
2016,4,17,STIL,66.22,59.95
2016,4,17,TISH,64.89,59.23
2016,4,17,TULN,69.73,61.30
2016,4,17,WOOD,60.60,48.36
2016,4,18,ARD2,-996.00,-996.00
2016,4,18,BEAV,63.32,39.86
2016,4,18,BOIS,55.04,32.34
2016,4,18,CENT,66.00,59.31
2016,4,18,NRMN,-996.00,-996.00
2016,4,18,STIL,64.36,53.01
2016,4,18,TISH,66.88,61.05
2016,4,18,TULN,64.94,59.67
2016,4,18,WOOD,65.79,45.72
2016,4,19,ARD2,-996.00,-996.00
2016,4,19,BEAV,54.91,42.97
2016,4,19,BOIS,53.80,41.08
2016,4,19,CENT,73.96,58.37
2016,4,19,NRMN,-996.00,-996.00
2016,4,19,STIL,69.64,54.39
2016,4,19,TISH,73.17,59.49
2016,4,19,TULN,64.13,57.67
2016,4,19,WOOD,61.27,44.48
2016,4,20,ARD2,-996.00,-996.00
2016,4,20,BEAV,68.63,37.92
2016,4,20,BOIS,63.45,37.62
2016,4,20,CENT,70.57,52.11
2016,4,20,NRMN,-996.00,-996.00
2016,4,20,STIL,67.87,52.86
2016,4,20,TISH,70.11,53.87
2016,4,20,TULN,71.20,55.47
2016,4,20,WOOD,71.55,45.66
2016,4,21,ARD2,-996.00,-996.00
2016,4,21,BEAV,73.71,39.57
2016,4,21,BOIS,69.82,38.38
2016,4,21,CENT,75.09,51.80
2016,4,21,NRMN,72.16,51.57
2016,4,21,STIL,72.97,48.25
2016,4,21,TISH,75.16,53.56
2016,4,21,TULN,73.96,52.36
2016,4,21,WOOD,72.97,44.63
2016,4,22,ARD2,78.80,52.20
2016,4,22,BEAV,80.67,38.42
2016,4,22,BOIS,75.54,39.24
2016,4,22,CENT,78.82,47.25
2016,4,22,NRMN,77.77,49.86
2016,4,22,STIL,76.95,48.11
2016,4,22,TISH,78.58,51.24
2016,4,22,TULN,79.02,52.66
2016,4,22,WOOD,78.42,47.26
2016,4,23,ARD2,78.93,52.61
2016,4,23,BEAV,87.06,56.12
2016,4,23,BOIS,80.65,51.08
2016,4,23,CENT,79.56,49.35
2016,4,23,NRMN,79.66,49.75
2016,4,23,STIL,82.27,46.85
2016,4,23,TISH,78.73,50.25
2016,4,23,TULN,82.38,49.35
2016,4,23,WOOD,81.50,58.39
2016,4,24,ARD2,77.74,58.60
2016,4,24,BEAV,86.74,51.13
2016,4,24,BOIS,79.83,46.13
2016,4,24,CENT,76.91,59.47
2016,4,24,NRMN,77.63,60.37
2016,4,24,STIL,80.29,60.64
2016,4,24,TISH,76.39,56.61
2016,4,24,TULN,79.99,62.10
2016,4,24,WOOD,81.93,60.37
2016,4,25,ARD2,83.19,66.97
2016,4,25,BEAV,81.77,45.79
2016,4,25,BOIS,75.38,43.16
2016,4,25,CENT,81.63,63.93
2016,4,25,NRMN,83.41,66.15
2016,4,25,STIL,84.67,65.68
2016,4,25,TISH,82.49,63.73
2016,4,25,TULN,82.17,66.22
2016,4,25,WOOD,86.52,60.96
2016,4,26,ARD2,83.43,60.04
2016,4,26,BEAV,80.46,42.16
2016,4,26,BOIS,67.59,40.87
2016,4,26,CENT,82.42,59.40
2016,4,26,NRMN,77.61,57.40
2016,4,26,STIL,79.36,57.96
2016,4,26,TISH,81.52,59.34
2016,4,26,TULN,82.42,59.29
2016,4,26,WOOD,80.37,52.36
2016,4,27,ARD2,75.65,58.46
2016,4,27,BEAV,69.19,41.34
2016,4,27,BOIS,62.69,39.83
2016,4,27,CENT,77.45,53.38
2016,4,27,NRMN,72.09,51.82
2016,4,27,STIL,71.73,50.81
2016,4,27,TISH,75.90,55.00
2016,4,27,TULN,72.39,57.15
2016,4,27,WOOD,69.66,47.12
2016,4,28,ARD2,79.02,52.90
2016,4,28,BEAV,68.94,43.70
2016,4,28,BOIS,60.40,40.43
2016,4,28,CENT,79.57,51.04
2016,4,28,NRMN,76.48,49.66
2016,4,28,STIL,72.07,45.67
2016,4,28,TISH,78.01,52.23
2016,4,28,TULN,72.03,49.06
2016,4,28,WOOD,67.75,45.74
2016,4,29,ARD2,80.94,59.47
2016,4,29,BEAV,52.11,41.28
2016,4,29,BOIS,45.83,37.37
2016,4,29,CENT,76.41,58.89
2016,4,29,NRMN,71.92,54.61
2016,4,29,STIL,67.41,54.66
2016,4,29,TISH,75.02,58.98
2016,4,29,TULN,73.13,55.63
2016,4,29,WOOD,54.97,45.74
2016,4,30,ARD2,73.94,54.39
2016,4,30,BEAV,60.12,35.87
2016,4,30,BOIS,54.19,34.92
2016,4,30,CENT,73.62,56.17
2016,4,30,NRMN,70.43,48.61
2016,4,30,STIL,68.95,47.70
2016,4,30,TISH,72.75,56.37
2016,4,30,TULN,69.06,53.87
2016,4,30,WOOD,63.23,41.19
2016,5,1,ARD2,69.19,51.46
2016,5,1,BEAV,50.63,38.79
2016,5,1,BOIS,43.18,37.60
2016,5,1,CENT,67.57,49.30
2016,5,1,NRMN,64.51,46.28
2016,5,1,STIL,62.73,45.41
2016,5,1,TISH,68.04,51.06
2016,5,1,TULN,67.75,48.06
2016,5,1,WOOD,54.84,41.36
2016,5,2,ARD2,62.33,47.52
2016,5,2,BEAV,63.41,35.22
2016,5,2,BOIS,59.67,31.39
2016,5,2,CENT,60.58,44.31
2016,5,2,NRMN,63.41,45.67
2016,5,2,STIL,63.63,44.08
2016,5,2,TISH,60.58,45.17
2016,5,2,TULN,61.45,48.81
2016,5,2,WOOD,63.86,39.83
2016,5,3,ARD2,72.01,43.66
2016,5,3,BEAV,71.28,38.41
2016,5,3,BOIS,66.83,38.85
2016,5,3,CENT,70.77,39.28
2016,5,3,NRMN,70.63,40.49
2016,5,3,STIL,72.79,38.75
2016,5,3,TISH,71.01,41.12
2016,5,3,TULN,71.65,42.45
2016,5,3,WOOD,73.31,42.28
2016,5,4,ARD2,81.19,50.88
2016,5,4,BEAV,79.54,37.29
2016,5,4,BOIS,74.88,40.14
2016,5,4,CENT,79.84,44.91
2016,5,4,NRMN,80.10,49.21
2016,5,4,STIL,78.42,47.86
2016,5,4,TISH,80.31,49.08
2016,5,4,TULN,77.43,54.00
2016,5,4,WOOD,80.15,43.41
2016,5,5,ARD2,79.11,48.87
2016,5,5,BEAV,85.32,43.97
2016,5,5,BOIS,83.30,41.52
2016,5,5,CENT,77.43,43.09
2016,5,5,NRMN,79.18,46.39
2016,5,5,STIL,80.11,42.94
2016,5,5,TISH,77.83,46.36
2016,5,5,TULN,78.01,48.45
2016,5,5,WOOD,82.31,46.65
2016,5,6,ARD2,80.71,49.86
2016,5,6,BEAV,86.94,52.03
2016,5,6,BOIS,81.55,46.98
2016,5,6,CENT,79.07,46.10
2016,5,6,NRMN,80.62,47.98
2016,5,6,STIL,83.25,45.12
2016,5,6,TISH,78.80,46.92
2016,5,6,TULN,81.12,49.01
2016,5,6,WOOD,83.25,55.56
2016,5,7,ARD2,83.46,54.99
2016,5,7,BEAV,86.14,58.30
2016,5,7,BOIS,81.36,46.80
2016,5,7,CENT,80.49,50.36
2016,5,7,NRMN,80.33,57.25
2016,5,7,STIL,82.62,54.91
2016,5,7,TISH,80.64,49.66
2016,5,7,TULN,83.89,59.81
2016,5,7,WOOD,83.16,57.78
2016,5,8,ARD2,74.32,61.45
2016,5,8,BEAV,86.83,49.87
2016,5,8,BOIS,77.22,39.42
2016,5,8,CENT,73.31,62.44
2016,5,8,NRMN,75.15,64.45
2016,5,8,STIL,72.86,62.96
2016,5,8,TISH,73.53,59.72
2016,5,8,TULN,73.83,64.90
2016,5,8,WOOD,84.13,58.95
2016,5,9,ARD2,84.07,60.46
2016,5,9,BEAV,78.67,48.45
2016,5,9,BOIS,72.21,38.33
2016,5,9,CENT,73.58,60.46
2016,5,9,NRMN,77.79,63.16
2016,5,9,STIL,78.67,61.30
2016,5,9,TISH,78.13,59.23
2016,5,9,TULN,77.63,63.45
2016,5,9,WOOD,83.95,53.71
2016,5,10,ARD2,91.20,64.56
2016,5,10,BEAV,91.74,41.91
2016,5,10,BOIS,82.18,42.47
2016,5,10,CENT,87.15,60.33
2016,5,10,NRMN,89.47,52.05
2016,5,10,STIL,89.71,48.83
2016,5,10,TISH,87.87,59.52
2016,5,10,TULN,88.11,58.33
2016,5,10,WOOD,88.43,48.02
2016,5,11,ARD2,86.27,63.75
2016,5,11,BEAV,76.01,51.01
2016,5,11,BOIS,69.39,45.70
2016,5,11,CENT,83.64,64.02
2016,5,11,NRMN,83.89,64.90
2016,5,11,STIL,81.14,67.12
2016,5,11,TISH,83.39,59.50
2016,5,11,TULN,84.16,68.41
2016,5,11,WOOD,76.06,55.38
2016,5,12,ARD2,79.20,57.67
2016,5,12,BEAV,76.28,44.16
2016,5,12,BOIS,69.22,41.63
2016,5,12,CENT,77.95,54.63
2016,5,12,NRMN,78.48,54.64
2016,5,12,STIL,78.08,53.04
2016,5,12,TISH,77.72,55.36
2016,5,12,TULN,76.86,57.74
2016,5,12,WOOD,76.14,49.46
2016,5,13,ARD2,82.40,52.29
2016,5,13,BEAV,88.79,49.64
2016,5,13,BOIS,81.81,46.26
2016,5,13,CENT,79.95,48.56
2016,5,13,NRMN,82.53,51.08
2016,5,13,STIL,84.11,49.68
2016,5,13,TISH,79.23,48.90
2016,5,13,TULN,82.89,54.27
2016,5,13,WOOD,86.90,52.56
2016,5,14,ARD2,73.58,54.75
2016,5,14,BEAV,60.67,43.30
2016,5,14,BOIS,60.84,43.70
2016,5,14,CENT,65.89,50.92
2016,5,14,NRMN,63.93,51.13
2016,5,14,STIL,64.24,49.42
2016,5,14,TISH,66.36,52.52
2016,5,14,TULN,63.19,49.28
2016,5,14,WOOD,60.69,46.54
2016,5,15,ARD2,69.19,55.47
2016,5,15,BEAV,59.83,48.31
2016,5,15,BOIS,56.30,44.44
2016,5,15,CENT,66.42,52.18
2016,5,15,NRMN,66.47,50.50
2016,5,15,STIL,69.37,52.68
2016,5,15,TISH,67.98,54.25
2016,5,15,TULN,68.16,51.84
2016,5,15,WOOD,62.10,49.59
2016,5,16,ARD2,73.90,60.51
2016,5,16,BEAV,74.28,48.38
2016,5,16,BOIS,64.06,45.45
2016,5,16,CENT,74.44,59.47
2016,5,16,NRMN,73.44,55.99
2016,5,16,STIL,66.34,55.74
2016,5,16,TISH,75.58,59.14
2016,5,16,TULN,65.59,55.24
2016,5,16,WOOD,67.66,49.46
2016,5,17,ARD2,68.49,57.13
2016,5,17,BEAV,55.38,47.21
2016,5,17,BOIS,51.33,43.72
2016,5,17,CENT,67.69,55.69
2016,5,17,NRMN,67.19,55.36
2016,5,17,STIL,64.36,55.31
2016,5,17,TISH,68.29,55.09
2016,5,17,TULN,63.75,54.75
2016,5,17,WOOD,56.89,48.09
2016,5,18,ARD2,60.87,54.03
2016,5,18,BEAV,66.97,41.33
2016,5,18,BOIS,59.11,44.80
2016,5,18,CENT,60.89,54.37
2016,5,18,NRMN,63.45,50.68
2016,5,18,STIL,67.12,49.69
2016,5,18,TISH,59.58,53.89
2016,5,18,TULN,67.44,52.61
2016,5,18,WOOD,65.61,45.55
2016,5,19,ARD2,60.60,56.97
2016,5,19,BEAV,63.82,49.23
2016,5,19,BOIS,65.34,48.72
2016,5,19,CENT,62.46,54.88
2016,5,19,NRMN,60.73,50.85
2016,5,19,STIL,62.17,47.73
2016,5,19,TISH,60.94,56.93
2016,5,19,TULN,63.37,49.01
2016,5,19,WOOD,58.26,51.84
2016,5,20,ARD2,76.51,58.55
2016,5,20,BEAV,77.05,50.25
2016,5,20,BOIS,81.19,47.84
2016,5,20,CENT,75.43,58.33
2016,5,20,NRMN,74.80,56.03
2016,5,20,STIL,72.07,56.05
2016,5,20,TISH,75.06,58.24
2016,5,20,TULN,70.61,56.95
2016,5,20,WOOD,70.47,53.20
2016,5,21,ARD2,80.56,57.52
2016,5,21,BEAV,87.17,58.91
2016,5,21,BOIS,84.78,53.58
2016,5,21,CENT,81.45,55.36
2016,5,21,NRMN,81.34,62.38
2016,5,21,STIL,81.14,60.51
2016,5,21,TISH,80.04,57.81
2016,5,21,TULN,78.80,57.72
2016,5,21,WOOD,79.61,61.05
2016,5,22,ARD2,81.30,68.04
2016,5,22,BEAV,84.72,66.34
2016,5,22,BOIS,85.23,58.24
2016,5,22,CENT,80.17,64.49
2016,5,22,NRMN,82.18,65.98
2016,5,22,STIL,82.54,63.95
2016,5,22,TISH,80.15,65.98
2016,5,22,TULN,81.68,64.27
2016,5,22,WOOD,77.81,66.63
2016,5,23,ARD2,77.40,61.61
2016,5,23,BEAV,88.54,63.39
2016,5,23,BOIS,82.15,54.21
2016,5,23,CENT,74.89,63.52
2016,5,23,NRMN,77.27,64.08
2016,5,23,STIL,80.85,67.30
2016,5,23,TISH,76.77,62.26
2016,5,23,TULN,71.67,62.65
2016,5,23,WOOD,85.17,64.85
2016,5,24,ARD2,83.01,64.71
2016,5,24,BEAV,93.00,66.70
2016,5,24,BOIS,85.95,51.55
2016,5,24,CENT,84.15,66.76
2016,5,24,NRMN,86.38,70.59
2016,5,24,STIL,86.68,66.06
2016,5,24,TISH,83.03,64.83
2016,5,24,TULN,86.20,68.22
2016,5,24,WOOD,87.64,68.40
2016,5,25,ARD2,84.61,74.91
2016,5,25,BEAV,92.82,59.40
2016,5,25,BOIS,83.55,47.98
2016,5,25,CENT,83.86,68.58
2016,5,25,NRMN,87.39,74.89
2016,5,25,STIL,88.79,65.82
2016,5,25,TISH,83.44,73.36
2016,5,25,TULN,87.35,64.45
2016,5,25,WOOD,91.69,69.91
2016,5,26,ARD2,82.85,71.62
2016,5,26,BEAV,91.85,50.02
2016,5,26,BOIS,83.43,42.57
2016,5,26,CENT,80.60,69.39
2016,5,26,NRMN,84.72,63.05
2016,5,26,STIL,86.00,71.89
2016,5,26,TISH,79.41,70.21
2016,5,26,TULN,84.16,73.24
2016,5,26,WOOD,86.63,60.10
2016,5,27,ARD2,80.62,64.06
2016,5,27,BEAV,79.66,48.63
2016,5,27,BOIS,68.23,41.79
2016,5,27,CENT,76.39,64.51
2016,5,27,NRMN,83.73,63.57
2016,5,27,STIL,81.86,65.89
2016,5,27,TISH,77.68,63.90
2016,5,27,TULN,78.44,67.15
2016,5,27,WOOD,79.18,57.42
2016,5,28,ARD2,84.65,65.30
2016,5,28,BEAV,83.97,46.63
2016,5,28,BOIS,76.93,41.51
2016,5,28,CENT,83.21,64.26
2016,5,28,NRMN,82.09,62.26
2016,5,28,STIL,84.20,61.63
2016,5,28,TISH,82.78,63.61
2016,5,28,TULN,81.54,65.32
2016,5,28,WOOD,82.02,50.85
2016,5,29,ARD2,85.48,65.17
2016,5,29,BEAV,78.17,54.30
2016,5,29,BOIS,80.20,51.22
2016,5,29,CENT,84.72,67.48
2016,5,29,NRMN,87.17,67.53
2016,5,29,STIL,89.11,65.14
2016,5,29,TISH,84.56,66.42
2016,5,29,TULN,86.74,65.66
2016,5,29,WOOD,73.09,57.09
2016,5,30,ARD2,82.33,65.46
2016,5,30,BEAV,85.15,45.76
2016,5,30,BOIS,83.03,44.83
2016,5,30,CENT,79.84,65.39
2016,5,30,NRMN,81.43,65.17
2016,5,30,STIL,81.03,66.04
2016,5,30,TISH,80.49,64.35
2016,5,30,TULN,76.78,63.88
2016,5,30,WOOD,81.93,52.54
2016,5,31,ARD2,77.13,65.44
2016,5,31,BEAV,76.01,56.37
2016,5,31,BOIS,74.01,52.79
2016,5,31,CENT,74.77,63.72
2016,5,31,NRMN,81.43,66.79
2016,5,31,STIL,82.11,64.76
2016,5,31,TISH,75.99,64.13
2016,5,31,TULN,81.41,62.10
2016,5,31,WOOD,75.69,55.92
2016,6,1,ARD2,-996.00,-996.00
2016,6,1,BEAV,77.65,55.69
2016,6,1,BOIS,71.29,51.58
2016,6,1,CENT,80.04,63.23
2016,6,1,NRMN,73.35,66.09
2016,6,1,STIL,79.05,67.01
2016,6,1,TISH,78.39,63.90
2016,6,1,TULN,78.75,67.80
2016,6,1,WOOD,76.28,59.41
2016,6,2,ARD2,-996.00,-996.00
2016,6,2,BEAV,79.66,55.98
2016,6,2,BOIS,76.89,48.56
2016,6,2,CENT,75.97,66.24
2016,6,2,NRMN,76.55,66.69
2016,6,2,STIL,81.52,66.81
2016,6,2,TISH,71.19,64.35
2016,6,2,TULN,80.91,67.98
2016,6,2,WOOD,76.55,62.28
2016,6,3,ARD2,-996.00,-996.00
2016,6,3,BEAV,86.70,51.84
2016,6,3,BOIS,85.75,51.51
2016,6,3,CENT,81.07,65.95
2016,6,3,NRMN,78.60,66.02
2016,6,3,STIL,81.00,65.52
2016,6,3,TISH,79.72,66.87
2016,6,3,TULN,79.30,67.51
2016,6,3,WOOD,81.23,58.32
2016,6,4,ARD2,-996.00,-996.00
2016,6,4,BEAV,86.52,59.68
2016,6,4,BOIS,81.82,54.54
2016,6,4,CENT,82.98,63.79
2016,6,4,NRMN,85.48,62.11
2016,6,4,STIL,87.64,59.97
2016,6,4,TISH,82.47,65.37
2016,6,4,TULN,85.69,64.20
2016,6,4,WOOD,84.07,59.99
2016,6,5,ARD2,-996.00,-996.00
2016,6,5,BEAV,84.92,47.77
2016,6,5,BOIS,84.29,49.66
2016,6,5,CENT,83.26,55.96
2016,6,5,NRMN,83.37,57.18
2016,6,5,STIL,84.22,55.72
2016,6,5,TISH,83.12,59.68
2016,6,5,TULN,82.83,61.41
2016,6,5,WOOD,82.44,53.76
2016,6,6,ARD2,84.83,59.23
2016,6,6,BEAV,90.97,53.01
2016,6,6,BOIS,86.61,52.47
2016,6,6,CENT,85.12,56.46
2016,6,6,NRMN,85.15,56.52
2016,6,6,STIL,88.12,55.22
2016,6,6,TISH,83.86,58.80
2016,6,6,TULN,86.74,59.59
2016,6,6,WOOD,87.24,56.08
2016,6,7,ARD2,87.71,60.71
2016,6,7,BEAV,90.66,61.27
2016,6,7,BOIS,84.81,56.98
2016,6,7,CENT,88.34,57.42
2016,6,7,NRMN,89.26,60.08
2016,6,7,STIL,90.21,58.53
2016,6,7,TISH,88.30,58.84
2016,6,7,TULN,87.08,63.75
2016,6,7,WOOD,88.77,62.96
2016,6,8,ARD2,91.17,64.33
2016,6,8,BEAV,95.16,66.90
2016,6,8,BOIS,90.28,60.28
2016,6,8,CENT,90.00,60.19
2016,6,8,NRMN,89.87,66.69
2016,6,8,STIL,91.31,63.41
2016,6,8,TISH,90.16,61.29
2016,6,8,TULN,91.78,64.96
2016,6,8,WOOD,89.49,68.34
2016,6,9,ARD2,90.63,66.87
2016,6,9,BEAV,93.74,69.89
2016,6,9,BOIS,88.65,57.81
2016,6,9,CENT,89.29,67.46
2016,6,9,NRMN,88.27,68.36
2016,6,9,STIL,89.19,68.29
2016,6,9,TISH,89.24,64.44
2016,6,9,TULN,90.30,72.46
2016,6,9,WOOD,89.76,70.23
2016,6,10,ARD2,91.18,72.16
2016,6,10,BEAV,89.83,68.97
2016,6,10,BOIS,90.05,58.71
2016,6,10,CENT,90.03,69.53
2016,6,10,NRMN,90.45,71.91
2016,6,10,STIL,91.13,71.40
2016,6,10,TISH,89.60,67.46
2016,6,10,TULN,90.61,75.36
2016,6,10,WOOD,89.98,68.58
2016,6,11,ARD2,89.08,70.12
2016,6,11,BEAV,94.35,69.37
2016,6,11,BOIS,87.53,63.84
2016,6,11,CENT,89.51,70.12
2016,6,11,NRMN,91.02,71.38
2016,6,11,STIL,92.73,70.70
2016,6,11,TISH,89.10,69.13
2016,6,11,TULN,91.45,75.49
2016,6,11,WOOD,90.46,68.41
2016,6,12,ARD2,82.81,70.16
2016,6,12,BEAV,93.52,63.05
2016,6,12,BOIS,92.62,62.80
2016,6,12,CENT,81.93,69.46
2016,6,12,NRMN,80.87,68.54
2016,6,12,STIL,88.09,71.08
2016,6,12,TISH,84.20,70.23
2016,6,12,TULN,87.53,74.01
2016,6,12,WOOD,89.37,67.86
2016,6,13,ARD2,-996.00,-996.00
2016,6,13,BEAV,86.22,62.28
2016,6,13,BOIS,83.57,60.28
2016,6,13,CENT,84.18,71.15
2016,6,13,NRMN,83.32,68.85
2016,6,13,STIL,84.88,70.77
2016,6,13,TISH,82.26,69.37
2016,6,13,TULN,87.08,72.86
2016,6,13,WOOD,84.79,66.85
2016,6,14,ARD2,-996.00,-996.00
2016,6,14,BEAV,90.91,65.46
2016,6,14,BOIS,87.94,56.39
2016,6,14,CENT,90.84,70.20
2016,6,14,NRMN,89.65,69.26
2016,6,14,STIL,91.63,71.58
2016,6,14,TISH,91.04,70.23
2016,6,14,TULN,91.98,74.64
2016,6,14,WOOD,87.39,67.23
2016,6,15,ARD2,-996.00,-996.00
2016,6,15,BEAV,97.93,71.01
2016,6,15,BOIS,95.40,53.83
2016,6,15,CENT,92.46,74.77
2016,6,15,NRMN,93.18,75.72
2016,6,15,STIL,98.58,76.39
2016,6,15,TISH,92.64,73.67
2016,6,15,TULN,96.22,78.42
2016,6,15,WOOD,94.73,74.30
2016,6,16,ARD2,-996.00,-996.00
2016,6,16,BEAV,94.51,61.45
2016,6,16,BOIS,95.23,58.60
2016,6,16,CENT,94.05,74.61
2016,6,16,NRMN,93.63,75.58
2016,6,16,STIL,97.81,77.04
2016,6,16,TISH,93.11,73.60
2016,6,16,TULN,95.29,77.13
2016,6,16,WOOD,92.71,67.57
2016,6,17,ARD2,95.79,75.67
2016,6,17,BEAV,97.23,70.61
2016,6,17,BOIS,95.43,50.22
2016,6,17,CENT,94.14,73.27
2016,6,17,NRMN,95.04,74.03
2016,6,17,STIL,100.99,76.62
2016,6,17,TISH,93.90,72.95
2016,6,17,TULN,97.90,79.23
2016,6,17,WOOD,94.69,76.48
2016,6,18,ARD2,93.36,72.88
2016,6,18,BEAV,86.16,67.23
2016,6,18,BOIS,87.96,61.66
2016,6,18,CENT,93.40,72.75
2016,6,18,NRMN,91.22,72.28
2016,6,18,STIL,93.43,68.67
2016,6,18,TISH,93.18,72.43
2016,6,18,TULN,93.54,75.85
2016,6,18,WOOD,84.11,64.54
2016,6,19,ARD2,89.89,72.52
2016,6,19,BEAV,92.82,62.62
2016,6,19,BOIS,91.76,59.40
2016,6,19,CENT,89.33,72.18
2016,6,19,NRMN,89.15,70.74
2016,6,19,STIL,92.10,71.98
2016,6,19,TISH,88.95,72.97
2016,6,19,TULN,91.18,75.20
2016,6,19,WOOD,90.21,66.74
2016,6,20,ARD2,91.51,69.82
2016,6,20,BEAV,95.68,69.31
2016,6,20,BOIS,94.19,63.70
2016,6,20,CENT,92.03,67.95
2016,6,20,NRMN,92.59,72.52
2016,6,20,STIL,95.79,72.46
2016,6,20,TISH,91.47,69.33
2016,6,20,TULN,93.11,74.59
2016,6,20,WOOD,92.25,71.38
2016,6,21,ARD2,95.27,70.75
2016,6,21,BEAV,96.55,68.68
2016,6,21,BOIS,94.66,61.45
2016,6,21,CENT,93.83,71.85
2016,6,21,NRMN,93.43,71.26
2016,6,21,STIL,97.02,73.18
2016,6,21,TISH,94.05,71.19
2016,6,21,TULN,95.59,75.52
2016,6,21,WOOD,91.74,72.55
2016,6,22,ARD2,95.76,77.90
2016,6,22,BEAV,101.48,74.01
2016,6,22,BOIS,99.19,64.24
2016,6,22,CENT,93.85,76.28
2016,6,22,NRMN,93.27,76.32
2016,6,22,STIL,97.18,76.87
2016,6,22,TISH,94.53,75.63
2016,6,22,TULN,96.39,79.07
2016,6,22,WOOD,94.51,77.20
2016,6,23,ARD2,95.34,77.90
2016,6,23,BEAV,88.77,73.13
2016,6,23,BOIS,92.88,62.73
2016,6,23,CENT,92.88,75.02
2016,6,23,NRMN,93.42,75.87
2016,6,23,STIL,97.30,78.15
2016,6,23,TISH,94.06,75.47
2016,6,23,TULN,96.24,78.49
2016,6,23,WOOD,92.17,73.13
2016,6,24,ARD2,93.20,75.83
2016,6,24,BEAV,95.31,66.78
2016,6,24,BOIS,94.26,63.63
2016,6,24,CENT,92.05,72.52
2016,6,24,NRMN,89.56,74.89
2016,6,24,STIL,93.76,75.47
2016,6,24,TISH,92.62,71.71
2016,6,24,TULN,92.39,77.49
2016,6,24,WOOD,91.00,70.32
2016,6,25,ARD2,92.89,74.53
2016,6,25,BEAV,96.55,71.06
2016,6,25,BOIS,93.70,63.93
2016,6,25,CENT,91.89,72.09
2016,6,25,NRMN,91.67,73.76
2016,6,25,STIL,94.91,73.58
2016,6,25,TISH,94.21,70.39
2016,6,25,TULN,94.71,77.95
2016,6,25,WOOD,91.36,70.65
2016,6,26,ARD2,95.13,72.45
2016,6,26,BEAV,89.60,64.29
2016,6,26,BOIS,86.94,63.01
2016,6,26,CENT,91.98,71.58
2016,6,26,NRMN,92.01,70.45
2016,6,26,STIL,96.40,71.83
2016,6,26,TISH,94.41,71.24
2016,6,26,TULN,94.93,73.18
2016,6,26,WOOD,86.86,67.59
2016,6,27,ARD2,92.53,69.51
2016,6,27,BEAV,95.90,63.48
2016,6,27,BOIS,89.11,59.72
2016,6,27,CENT,92.75,69.08
2016,6,27,NRMN,89.55,68.94
2016,6,27,STIL,91.33,72.21
2016,6,27,TISH,91.47,69.19
2016,6,27,TULN,92.16,72.66
2016,6,27,WOOD,92.62,65.46
2016,6,28,ARD2,93.63,72.43
2016,6,28,BEAV,94.96,62.56
2016,6,28,BOIS,90.66,62.73
2016,6,28,CENT,91.13,69.94
2016,6,28,NRMN,90.63,72.41
2016,6,28,STIL,93.83,70.14
2016,6,28,TISH,93.16,70.48
2016,6,28,TULN,94.24,72.45
2016,6,28,WOOD,92.50,63.12
2016,6,29,ARD2,91.24,67.77
2016,6,29,BEAV,90.14,63.97
2016,6,29,BOIS,92.03,58.78
2016,6,29,CENT,91.63,63.30
2016,6,29,NRMN,89.80,66.09
2016,6,29,STIL,92.88,66.22
2016,6,29,TISH,91.02,66.97
2016,6,29,TULN,93.83,67.35
2016,6,29,WOOD,88.05,64.71
2016,6,30,ARD2,93.07,68.09
2016,6,30,BEAV,91.35,65.34
2016,6,30,BOIS,87.10,59.95
2016,6,30,CENT,91.78,68.45
2016,6,30,NRMN,91.06,71.38
2016,6,30,STIL,92.34,71.82
2016,6,30,TISH,92.91,67.21
2016,6,30,TULN,93.87,72.75
2016,6,30,WOOD,90.79,69.62
2016,7,1,ARD2,94.06,72.03
2016,7,1,BEAV,83.62,65.08
2016,7,1,BOIS,86.40,63.07
2016,7,1,CENT,91.53,69.37
2016,7,1,NRMN,86.88,74.59
2016,7,1,STIL,78.48,70.38
2016,7,1,TISH,94.73,69.22
2016,7,1,TULN,85.64,72.28
2016,7,1,WOOD,80.47,67.17
2016,7,2,ARD2,95.59,75.45
2016,7,2,BEAV,92.80,67.06
2016,7,2,BOIS,88.47,65.28
2016,7,2,CENT,93.87,73.11
2016,7,2,NRMN,93.07,73.72
2016,7,2,STIL,94.46,73.09
2016,7,2,TISH,94.66,70.97
2016,7,2,TULN,94.95,71.44
2016,7,2,WOOD,91.85,68.97
2016,7,3,ARD2,95.00,79.68
2016,7,3,BEAV,84.69,66.06
2016,7,3,BOIS,84.16,59.83
2016,7,3,CENT,93.40,69.24
2016,7,3,NRMN,92.98,72.86
2016,7,3,STIL,88.52,69.96
2016,7,3,TISH,94.51,73.63
2016,7,3,TULN,89.94,71.02
2016,7,3,WOOD,84.79,66.76
2016,7,4,ARD2,90.88,73.78
2016,7,4,BEAV,97.38,63.63
2016,7,4,BOIS,91.29,57.36
2016,7,4,CENT,90.21,69.82
2016,7,4,NRMN,90.79,71.26
2016,7,4,STIL,93.47,71.02
2016,7,4,TISH,90.48,72.07
2016,7,4,TULN,91.29,71.38
2016,7,4,WOOD,93.99,66.72
2016,7,5,ARD2,95.56,73.58
2016,7,5,BEAV,98.46,68.43
2016,7,5,BOIS,97.12,60.62
2016,7,5,CENT,94.08,75.20
2016,7,5,NRMN,96.22,75.87
2016,7,5,STIL,96.15,77.02
2016,7,5,TISH,93.85,72.48
2016,7,5,TULN,95.79,78.24
2016,7,5,WOOD,94.66,71.91
2016,7,6,ARD2,94.82,78.55
2016,7,6,BEAV,99.14,71.67
2016,7,6,BOIS,98.24,61.09
2016,7,6,CENT,95.47,77.76
2016,7,6,NRMN,94.42,79.20
2016,7,6,STIL,95.72,77.18
2016,7,6,TISH,96.33,77.02
2016,7,6,TULN,95.43,74.62
2016,7,6,WOOD,95.56,73.11
2016,7,7,ARD2,95.50,78.33
2016,7,7,BEAV,100.85,73.53
2016,7,7,BOIS,99.43,60.10
2016,7,7,CENT,96.91,77.86
2016,7,7,NRMN,93.67,79.30
2016,7,7,STIL,96.06,81.46
2016,7,7,TISH,96.91,77.94
2016,7,7,TULN,95.16,80.69
2016,7,7,WOOD,102.40,79.61
2016,7,8,ARD2,95.90,76.50
2016,7,8,BEAV,90.54,69.76
2016,7,8,BOIS,86.20,64.62
2016,7,8,CENT,94.60,73.89
2016,7,8,NRMN,89.62,72.09
2016,7,8,STIL,87.10,69.82
2016,7,8,TISH,95.13,74.98
2016,7,8,TULN,86.25,72.55
2016,7,8,WOOD,86.92,69.15
2016,7,9,ARD2,87.75,67.73
2016,7,9,BEAV,95.65,65.50
2016,7,9,BOIS,96.76,56.30
2016,7,9,CENT,80.26,69.40
2016,7,9,NRMN,88.97,71.74
2016,7,9,STIL,91.36,72.07
2016,7,9,TISH,85.42,68.14
2016,7,9,TULN,89.37,75.07
2016,7,9,WOOD,93.16,66.60
2016,7,10,ARD2,93.54,66.38
2016,7,10,BEAV,98.04,70.09
2016,7,10,BOIS,101.68,69.85
2016,7,10,CENT,92.52,67.28
2016,7,10,NRMN,92.41,69.06
2016,7,10,STIL,92.30,70.11
2016,7,10,TISH,92.68,65.88
2016,7,10,TULN,94.64,72.63
2016,7,10,WOOD,95.52,69.60
2016,7,11,ARD2,93.70,75.52
2016,7,11,BEAV,101.07,73.85
2016,7,11,BOIS,102.16,65.19
2016,7,11,CENT,91.69,74.95
2016,7,11,NRMN,91.87,76.35
2016,7,11,STIL,91.15,77.04
2016,7,11,TISH,93.54,74.43
2016,7,11,TULN,93.76,75.87
2016,7,11,WOOD,94.91,75.74
2016,7,12,ARD2,93.16,76.24
2016,7,12,BEAV,93.52,65.35
2016,7,12,BOIS,92.98,68.45
2016,7,12,CENT,92.48,76.21
2016,7,12,NRMN,92.14,76.55
2016,7,12,STIL,92.03,78.49
2016,7,12,TISH,93.85,76.21
2016,7,12,TULN,93.67,75.43
2016,7,12,WOOD,98.42,76.50
2016,7,13,ARD2,96.31,78.10
2016,7,13,BEAV,97.14,71.67
2016,7,13,BOIS,96.84,58.23
2016,7,13,CENT,93.16,76.82
2016,7,13,NRMN,93.02,77.40
2016,7,13,STIL,94.71,69.08
2016,7,13,TISH,95.43,75.99
2016,7,13,TULN,96.53,79.66
2016,7,13,WOOD,101.17,77.49
2016,7,14,ARD2,95.18,73.76
2016,7,14,BEAV,87.62,64.20
2016,7,14,BOIS,87.89,62.69
2016,7,14,CENT,90.19,68.40
2016,7,14,NRMN,90.28,71.82
2016,7,14,STIL,84.65,68.18
2016,7,14,TISH,92.59,71.02
2016,7,14,TULN,89.53,66.97
2016,7,14,WOOD,82.60,69.06
2016,7,15,ARD2,87.21,68.04
2016,7,15,BEAV,95.58,62.37
2016,7,15,BOIS,98.11,58.51
2016,7,15,CENT,86.95,68.81
2016,7,15,NRMN,85.64,66.24
2016,7,15,STIL,88.29,68.29
2016,7,15,TISH,86.81,68.52
2016,7,15,TULN,88.20,70.36
2016,7,15,WOOD,90.09,63.91
2016,7,16,ARD2,92.89,70.21
2016,7,16,BEAV,90.70,59.20
2016,7,16,BOIS,98.64,58.05
2016,7,16,CENT,91.53,71.94
2016,7,16,NRMN,89.87,71.29
2016,7,16,STIL,91.54,73.49
2016,7,16,TISH,93.02,71.49
2016,7,16,TULN,91.54,72.07
2016,7,16,WOOD,88.74,61.02
2016,7,17,ARD2,95.07,77.29
2016,7,17,BEAV,100.04,73.20
2016,7,17,BOIS,101.23,69.64
2016,7,17,CENT,93.27,72.93
2016,7,17,NRMN,92.71,76.26
2016,7,17,STIL,93.58,76.14
2016,7,17,TISH,94.15,74.12
2016,7,17,TULN,94.68,79.02
2016,7,17,WOOD,96.48,73.22
2016,7,18,ARD2,95.34,75.40
2016,7,18,BEAV,99.45,69.58
2016,7,18,BOIS,96.33,62.82
2016,7,18,CENT,93.47,72.90
2016,7,18,NRMN,93.67,73.58
2016,7,18,STIL,95.67,72.61
2016,7,18,TISH,94.57,70.38
2016,7,18,TULN,94.69,78.87
2016,7,18,WOOD,97.11,73.47
2016,7,19,ARD2,95.99,74.26
2016,7,19,BEAV,97.21,68.68
2016,7,19,BOIS,95.11,61.41
2016,7,19,CENT,94.48,72.99
2016,7,19,NRMN,93.07,74.25
2016,7,19,STIL,95.00,73.92
2016,7,19,TISH,95.86,71.19
2016,7,19,TULN,95.04,77.05
2016,7,19,WOOD,94.44,70.93
2016,7,20,ARD2,96.39,77.70
2016,7,20,BEAV,100.35,74.84
2016,7,20,BOIS,98.37,64.98
2016,7,20,CENT,94.95,74.10
2016,7,20,NRMN,93.78,76.23
2016,7,20,STIL,96.58,76.19
2016,7,20,TISH,97.03,73.51
2016,7,20,TULN,96.13,78.94
2016,7,20,WOOD,99.00,76.75
2016,7,21,ARD2,97.39,75.76
2016,7,21,BEAV,102.83,75.13
2016,7,21,BOIS,101.75,69.35
2016,7,21,CENT,95.68,70.74
2016,7,21,NRMN,95.29,75.00
2016,7,21,STIL,99.14,75.34
2016,7,21,TISH,98.35,70.38
2016,7,21,TULN,97.84,80.26
2016,7,21,WOOD,101.30,77.74
2016,7,22,ARD2,99.61,73.76
2016,7,22,BEAV,104.58,70.66
2016,7,22,BOIS,102.45,68.72
2016,7,22,CENT,97.11,70.57
2016,7,22,NRMN,96.48,74.48
2016,7,22,STIL,100.71,75.33
2016,7,22,TISH,99.30,70.27
2016,7,22,TULN,99.79,80.85
2016,7,22,WOOD,103.33,77.36
2016,7,23,ARD2,99.82,73.85
2016,7,23,BEAV,103.78,71.40
2016,7,23,BOIS,101.05,73.94
2016,7,23,CENT,97.30,71.13
2016,7,23,NRMN,96.76,75.52
2016,7,23,STIL,101.39,74.34
2016,7,23,TISH,99.63,70.86
2016,7,23,TULN,99.41,79.12
2016,7,23,WOOD,102.13,76.51
2016,7,24,ARD2,99.54,73.89
2016,7,24,BEAV,97.18,71.40
2016,7,24,BOIS,91.96,67.73
2016,7,24,CENT,98.33,73.00
2016,7,24,NRMN,97.18,75.60
2016,7,24,STIL,102.15,76.66
2016,7,24,TISH,99.01,72.54
2016,7,24,TULN,100.08,79.45
2016,7,24,WOOD,100.40,77.13
2016,7,25,ARD2,96.60,74.84
2016,7,25,BEAV,87.53,67.41
2016,7,25,BOIS,87.71,62.73
2016,7,25,CENT,95.29,75.24
2016,7,25,NRMN,94.32,72.68
2016,7,25,STIL,95.56,78.35
2016,7,25,TISH,96.67,74.26
2016,7,25,TULN,91.67,79.45
2016,7,25,WOOD,91.54,70.21
2016,7,26,ARD2,91.87,73.90
2016,7,26,BEAV,92.43,69.28
2016,7,26,BOIS,94.71,61.66
2016,7,26,CENT,91.62,71.64
2016,7,26,NRMN,89.17,72.19
2016,7,26,STIL,90.91,73.56
2016,7,26,TISH,90.70,72.10
2016,7,26,TULN,93.67,75.92
2016,7,26,WOOD,92.77,69.37
2016,7,27,ARD2,93.47,72.59
2016,7,27,BEAV,96.03,66.69
2016,7,27,BOIS,95.09,63.95
2016,7,27,CENT,88.68,70.77
2016,7,27,NRMN,91.89,72.88
2016,7,27,STIL,92.57,74.44
2016,7,27,TISH,89.31,71.31
2016,7,27,TULN,93.97,73.20
2016,7,27,WOOD,97.11,67.80
2016,7,28,ARD2,95.83,72.75
2016,7,28,BEAV,96.48,64.40
2016,7,28,BOIS,95.29,59.68
2016,7,28,CENT,93.83,70.83
2016,7,28,NRMN,92.43,72.03
2016,7,28,STIL,95.68,71.06
2016,7,28,TISH,94.98,71.10
2016,7,28,TULN,96.58,74.34
2016,7,28,WOOD,97.88,70.21
2016,7,29,ARD2,94.98,73.04
2016,7,29,BEAV,86.95,63.88
2016,7,29,BOIS,87.46,62.31
2016,7,29,CENT,93.16,73.06
2016,7,29,NRMN,86.11,68.27
2016,7,29,STIL,85.21,67.21
2016,7,29,TISH,95.45,70.66
2016,7,29,TULN,90.27,71.98
2016,7,29,WOOD,89.67,64.35
2016,7,30,ARD2,98.87,76.75
2016,7,30,BEAV,97.14,65.19
2016,7,30,BOIS,92.05,58.12
2016,7,30,CENT,96.04,72.05
2016,7,30,NRMN,90.28,72.95
2016,7,30,STIL,88.18,69.84
2016,7,30,TISH,98.56,72.75
2016,7,30,TULN,86.81,70.43
2016,7,30,WOOD,93.02,69.19
2016,7,31,ARD2,98.13,75.25
2016,7,31,BEAV,99.52,67.26
2016,7,31,BOIS,93.79,62.49
2016,7,31,CENT,97.34,72.37
2016,7,31,NRMN,94.42,75.42
2016,7,31,STIL,95.13,74.86
2016,7,31,TISH,98.17,72.21
2016,7,31,TULN,97.41,75.78
2016,7,31,WOOD,100.06,70.47
2016,8,1,ARD2,98.56,78.69
2016,8,1,BEAV,101.25,73.96
2016,8,1,BOIS,95.68,62.28
2016,8,1,CENT,98.53,75.52
2016,8,1,NRMN,96.06,77.14
2016,8,1,STIL,96.01,76.91
2016,8,1,TISH,99.19,75.34
2016,8,1,TULN,98.40,79.47
2016,8,1,WOOD,100.18,77.63
2016,8,2,ARD2,99.91,75.88
2016,8,2,BEAV,96.28,67.91
2016,8,2,BOIS,94.35,64.83
2016,8,2,CENT,98.82,69.76
2016,8,2,NRMN,96.98,74.79
2016,8,2,STIL,97.95,75.40
2016,8,2,TISH,99.36,70.68
2016,8,2,TULN,100.85,78.35
2016,8,2,WOOD,94.98,74.95
2016,8,3,ARD2,100.63,73.92
2016,8,3,BEAV,97.09,65.52
2016,8,3,BOIS,90.79,65.79
2016,8,3,CENT,99.86,68.16
2016,8,3,NRMN,99.25,74.44
2016,8,3,STIL,97.70,78.37
2016,8,3,TISH,100.17,67.64
2016,8,3,TULN,100.49,82.04
2016,8,3,WOOD,101.84,66.02
2016,8,4,ARD2,100.29,77.52
2016,8,4,BEAV,99.97,72.57
2016,8,4,BOIS,93.43,64.54
2016,8,4,CENT,99.41,71.94
2016,8,4,NRMN,94.77,78.12
2016,8,4,STIL,95.27,78.33
2016,8,4,TISH,100.54,71.76
2016,8,4,TULN,100.65,81.46
2016,8,4,WOOD,98.01,78.58
2016,8,5,ARD2,99.23,79.68
2016,8,5,BEAV,87.94,68.79
2016,8,5,BOIS,84.31,59.92
2016,8,5,CENT,99.45,72.32
2016,8,5,NRMN,97.14,75.00
2016,8,5,STIL,95.27,79.90
2016,8,5,TISH,99.45,75.15
2016,8,5,TULN,99.37,80.83
2016,8,5,WOOD,88.83,71.98
2016,8,6,ARD2,98.40,80.40
2016,8,6,BEAV,85.87,66.29
2016,8,6,BOIS,88.45,62.71
2016,8,6,CENT,97.16,76.98
2016,8,6,NRMN,94.14,77.49
2016,8,6,STIL,90.57,72.97
2016,8,6,TISH,98.56,77.41
2016,8,6,TULN,85.10,70.86
2016,8,6,WOOD,86.23,68.32
2016,8,7,ARD2,100.63,74.75
2016,8,7,BEAV,92.82,68.61
2016,8,7,BOIS,90.93,60.98
2016,8,7,CENT,100.87,74.48
2016,8,7,NRMN,99.09,74.64
2016,8,7,STIL,98.42,75.83
2016,8,7,TISH,101.10,74.35
2016,8,7,TULN,95.20,75.07
2016,8,7,WOOD,95.54,69.82
2016,8,8,ARD2,100.81,73.60
2016,8,8,BEAV,94.50,66.74
2016,8,8,BOIS,90.72,62.31
2016,8,8,CENT,99.75,70.02
2016,8,8,NRMN,94.80,75.33
2016,8,8,STIL,93.72,74.89
2016,8,8,TISH,101.70,71.53
2016,8,8,TULN,90.93,73.69
2016,8,8,WOOD,92.95,68.23
2016,8,9,ARD2,95.09,73.26
2016,8,9,BEAV,90.10,68.85
2016,8,9,BOIS,89.08,62.58
2016,8,9,CENT,96.98,71.06
2016,8,9,NRMN,95.16,75.04
2016,8,9,STIL,96.06,72.36
2016,8,9,TISH,96.85,72.12
2016,8,9,TULN,95.68,73.22
2016,8,9,WOOD,92.80,69.12
2016,8,10,ARD2,98.49,77.85
2016,8,10,BEAV,98.53,70.93
2016,8,10,BOIS,93.94,64.40
2016,8,10,CENT,98.85,74.95
2016,8,10,NRMN,97.75,77.81
2016,8,10,STIL,98.10,76.14
2016,8,10,TISH,100.00,75.22
2016,8,10,TULN,97.11,74.12
2016,8,10,WOOD,99.93,73.71
2016,8,11,ARD2,100.71,77.79
2016,8,11,BEAV,99.10,71.20
2016,8,11,BOIS,88.63,67.44
2016,8,11,CENT,100.17,78.01
2016,8,11,NRMN,100.47,78.62
2016,8,11,STIL,100.67,78.21
2016,8,11,TISH,101.68,75.51
2016,8,11,TULN,99.59,80.71
2016,8,11,WOOD,103.89,72.19
2016,8,12,ARD2,99.95,77.77
2016,8,12,BEAV,89.33,68.49
2016,8,12,BOIS,81.21,60.64
2016,8,12,CENT,93.72,75.13
2016,8,12,NRMN,90.66,78.22
2016,8,12,STIL,89.92,74.71
2016,8,12,TISH,98.08,72.10
2016,8,12,TULN,88.09,79.25
2016,8,12,WOOD,93.79,71.37
2016,8,13,ARD2,90.54,73.80
2016,8,13,BEAV,90.27,60.40
2016,8,13,BOIS,84.79,57.52
2016,8,13,CENT,91.85,71.46
2016,8,13,NRMN,90.09,71.15
2016,8,13,STIL,91.83,68.05
2016,8,13,TISH,93.33,75.18
2016,8,13,TULN,91.15,70.72
2016,8,13,WOOD,90.70,63.07
2016,8,14,ARD2,89.78,68.70
2016,8,14,BEAV,87.35,55.89
2016,8,14,BOIS,84.13,56.28
2016,8,14,CENT,89.65,68.45
2016,8,14,NRMN,87.21,67.59
2016,8,14,STIL,89.62,63.79
2016,8,14,TISH,92.03,69.73
2016,8,14,TULN,86.23,67.21
2016,8,14,WOOD,87.01,57.81
2016,8,15,ARD2,83.80,68.23
2016,8,15,BEAV,92.93,59.79
2016,8,15,BOIS,88.47,53.78
2016,8,15,CENT,82.13,63.10
2016,8,15,NRMN,88.11,70.20
2016,8,15,STIL,91.56,69.62
2016,8,15,TISH,83.03,64.65
2016,8,15,TULN,84.27,68.54
2016,8,15,WOOD,93.99,67.05
2016,8,16,ARD2,89.82,61.41
2016,8,16,BEAV,95.99,58.69
2016,8,16,BOIS,90.79,57.79
2016,8,16,CENT,89.87,59.07
2016,8,16,NRMN,89.91,64.92
2016,8,16,STIL,92.97,63.25
2016,8,16,TISH,90.00,57.24
2016,8,16,TULN,90.73,63.09
2016,8,16,WOOD,97.23,66.92
2016,8,17,ARD2,87.69,71.65
2016,8,17,BEAV,96.84,57.92
2016,8,17,BOIS,90.37,57.43
2016,8,17,CENT,88.25,70.48
2016,8,17,NRMN,90.68,69.19
2016,8,17,STIL,91.60,68.23
2016,8,17,TISH,89.28,72.88
2016,8,17,TULN,90.99,71.19
2016,8,17,WOOD,94.98,66.15
2016,8,18,ARD2,82.74,73.22
2016,8,18,BEAV,93.58,60.08
2016,8,18,BOIS,90.45,55.80
2016,8,18,CENT,85.32,72.37
2016,8,18,NRMN,87.69,70.57
2016,8,18,STIL,92.34,70.32
2016,8,18,TISH,84.33,71.60
2016,8,18,TULN,88.16,73.15
2016,8,18,WOOD,92.01,68.68
2016,8,19,ARD2,76.98,69.44
2016,8,19,BEAV,89.74,68.86
2016,8,19,BOIS,84.78,59.02
2016,8,19,CENT,82.51,68.43
2016,8,19,NRMN,85.73,69.44
2016,8,19,STIL,91.60,70.05
2016,8,19,TISH,78.85,68.32
2016,8,19,TULN,91.89,74.59
2016,8,19,WOOD,95.88,67.93
2016,8,20,ARD2,82.13,68.20
2016,8,20,BEAV,81.00,59.43
2016,8,20,BOIS,73.08,53.33
2016,8,20,CENT,80.15,65.41
2016,8,20,NRMN,84.78,67.06
2016,8,20,STIL,84.63,62.76
2016,8,20,TISH,83.01,66.34
2016,8,20,TULN,84.97,66.60
2016,8,20,WOOD,82.29,64.35
2016,8,21,ARD2,84.99,63.55
2016,8,21,BEAV,86.36,52.43
2016,8,21,BOIS,81.88,57.34
2016,8,21,CENT,84.81,60.55
2016,8,21,NRMN,83.89,57.51
2016,8,21,STIL,85.17,54.75
2016,8,21,TISH,85.21,62.38
2016,8,21,TULN,85.10,58.93
2016,8,21,WOOD,85.93,57.60
2016,8,22,ARD2,-996.00,-996.00
2016,8,22,BEAV,90.64,63.21
2016,8,22,BOIS,85.30,59.76
2016,8,22,CENT,83.46,58.21
2016,8,22,NRMN,88.56,56.10
2016,8,22,STIL,89.94,54.10
2016,8,22,TISH,81.27,61.74
2016,8,22,TULN,88.11,58.42
2016,8,22,WOOD,90.19,60.93
2016,8,23,ARD2,-996.00,-996.00
2016,8,23,BEAV,101.08,69.84
2016,8,23,BOIS,92.05,59.95
2016,8,23,CENT,91.20,73.13
2016,8,23,NRMN,90.01,73.87
2016,8,23,STIL,91.31,74.41
2016,8,23,TISH,92.61,72.68
2016,8,23,TULN,88.12,74.73
2016,8,23,WOOD,94.55,71.58
2016,8,24,ARD2,92.35,74.68
2016,8,24,BEAV,88.52,65.97
2016,8,24,BOIS,82.35,57.20
2016,8,24,CENT,95.09,71.80
2016,8,24,NRMN,94.82,75.88
2016,8,24,STIL,97.12,78.71
2016,8,24,TISH,94.59,72.21
2016,8,24,TULN,97.84,79.34
2016,8,24,WOOD,88.03,72.57
2016,8,25,ARD2,92.66,70.39
2016,8,25,BEAV,75.79,63.73
2016,8,25,BOIS,74.98,59.02
2016,8,25,CENT,94.95,67.46
2016,8,25,NRMN,94.26,72.72
2016,8,25,STIL,92.35,68.00
2016,8,25,TISH,93.42,69.42
2016,8,25,TULN,97.27,73.92
2016,8,25,WOOD,85.12,67.12
2016,8,26,ARD2,90.45,71.11
2016,8,26,BEAV,84.52,65.39
2016,8,26,BOIS,81.91,59.22
2016,8,26,CENT,90.16,69.30
2016,8,26,NRMN,91.90,68.50
2016,8,26,STIL,89.96,67.26
2016,8,26,TISH,88.03,68.95
2016,8,26,TULN,88.66,71.82
2016,8,26,WOOD,85.55,64.69
2016,8,27,ARD2,91.44,67.78
2016,8,27,BEAV,88.68,59.70
2016,8,27,BOIS,86.72,57.72
2016,8,27,CENT,93.04,68.65
2016,8,27,NRMN,92.23,70.00
2016,8,27,STIL,91.90,68.99
2016,8,27,TISH,90.68,67.32
2016,8,27,TULN,94.21,72.90
2016,8,27,WOOD,93.94,64.31
2016,8,28,ARD2,90.73,70.97
2016,8,28,BEAV,88.52,63.34
2016,8,28,BOIS,82.63,59.29
2016,8,28,CENT,92.59,69.33
2016,8,28,NRMN,92.53,69.24
2016,8,28,STIL,93.13,71.67
2016,8,28,TISH,92.32,69.84
2016,8,28,TULN,95.02,73.98
2016,8,28,WOOD,90.81,65.30
2016,8,29,ARD2,93.27,69.31
2016,8,29,BEAV,80.02,65.64
2016,8,29,BOIS,71.15,62.04
2016,8,29,CENT,92.14,69.82
2016,8,29,NRMN,91.17,68.70
2016,8,29,STIL,87.55,69.39
2016,8,29,TISH,93.38,69.71
2016,8,29,TULN,87.66,72.70
2016,8,29,WOOD,88.50,67.12
2016,8,30,ARD2,93.51,71.10
2016,8,30,BEAV,78.57,66.09
2016,8,30,BOIS,72.34,61.34
2016,8,30,CENT,93.99,67.46
2016,8,30,NRMN,93.42,69.67
2016,8,30,STIL,92.79,68.97
2016,8,30,TISH,93.36,69.21
2016,8,30,TULN,94.37,69.85
2016,8,30,WOOD,84.94,67.26
2016,8,31,ARD2,92.61,71.02
2016,8,31,BEAV,81.27,63.79
2016,8,31,BOIS,77.85,62.08
2016,8,31,CENT,92.68,68.59
2016,8,31,NRMN,90.34,69.71
2016,8,31,STIL,88.39,69.40
2016,8,31,TISH,92.19,70.27
2016,8,31,TULN,91.83,71.13
2016,8,31,WOOD,75.58,66.70
2016,9,1,ARD2,-996.00,-996.00
2016,9,1,BEAV,80.64,63.77
2016,9,1,BOIS,78.40,60.28
2016,9,1,CENT,85.23,69.89
2016,9,1,NRMN,85.66,69.40
2016,9,1,STIL,81.73,69.76
2016,9,1,TISH,85.75,70.30
2016,9,1,TULN,83.37,70.30
2016,9,1,WOOD,79.12,66.63
2016,9,2,ARD2,-996.00,-996.00
2016,9,2,BEAV,85.46,62.31
2016,9,2,BOIS,81.82,62.94
2016,9,2,CENT,87.39,62.38
2016,9,2,NRMN,83.25,67.26
2016,9,2,STIL,83.32,64.98
2016,9,2,TISH,86.27,67.80
2016,9,2,TULN,84.69,61.20
2016,9,2,WOOD,80.78,62.60
2016,9,3,ARD2,-996.00,-996.00
2016,9,3,BEAV,89.65,66.78
2016,9,3,BOIS,87.51,64.11
2016,9,3,CENT,87.58,58.64
2016,9,3,NRMN,87.84,64.51
2016,9,3,STIL,86.18,61.03
2016,9,3,TISH,85.75,62.76
2016,9,3,TULN,85.93,58.01
2016,9,3,WOOD,87.78,64.29
2016,9,4,ARD2,89.22,64.74
2016,9,4,BEAV,91.72,69.26
2016,9,4,BOIS,90.43,65.17
2016,9,4,CENT,89.98,63.95
2016,9,4,NRMN,90.63,68.23
2016,9,4,STIL,89.89,66.83
2016,9,4,TISH,88.34,63.77
2016,9,4,TULN,90.66,65.10
2016,9,4,WOOD,89.76,69.71
2016,9,5,ARD2,92.77,73.85
2016,9,5,BEAV,93.33,69.01
2016,9,5,BOIS,89.64,62.62
2016,9,5,CENT,93.94,71.69
2016,9,5,NRMN,94.32,72.46
2016,9,5,STIL,94.08,72.99
2016,9,5,TISH,93.25,70.48
2016,9,5,TULN,96.39,72.39
2016,9,5,WOOD,91.96,71.62
2016,9,6,ARD2,91.80,74.75
2016,9,6,BEAV,91.62,68.74
2016,9,6,BOIS,87.26,62.62
2016,9,6,CENT,92.50,72.68
2016,9,6,NRMN,93.60,74.37
2016,9,6,STIL,92.62,75.51
2016,9,6,TISH,91.36,72.82
2016,9,6,TULN,96.82,77.16
2016,9,6,WOOD,91.29,71.55
2016,9,7,ARD2,93.63,75.88
2016,9,7,BEAV,89.85,67.64
2016,9,7,BOIS,84.52,63.91
2016,9,7,CENT,95.22,73.78
2016,9,7,NRMN,94.15,76.28
2016,9,7,STIL,93.16,77.50
2016,9,7,TISH,94.60,71.53
2016,9,7,TULN,96.17,77.00
2016,9,7,WOOD,90.66,70.36
2016,9,8,ARD2,95.86,77.31
2016,9,8,BEAV,93.33,69.49
2016,9,8,BOIS,82.09,62.80
2016,9,8,CENT,96.49,75.36
2016,9,8,NRMN,95.59,77.83
2016,9,8,STIL,95.16,79.81
2016,9,8,TISH,96.24,74.88
2016,9,8,TULN,99.07,80.20
2016,9,8,WOOD,94.51,72.75
2016,9,9,ARD2,93.06,76.03
2016,9,9,BEAV,95.13,63.48
2016,9,9,BOIS,86.02,59.05
2016,9,9,CENT,94.57,74.68
2016,9,9,NRMN,93.40,67.12
2016,9,9,STIL,92.98,67.91
2016,9,9,TISH,94.96,71.24
2016,9,9,TULN,93.65,70.50
2016,9,9,WOOD,95.02,63.79
2016,9,10,ARD2,81.28,59.34
2016,9,10,BEAV,79.43,49.68
2016,9,10,BOIS,75.67,45.53
2016,9,10,CENT,82.85,53.49
2016,9,10,NRMN,79.72,56.86
2016,9,10,STIL,78.06,56.32
2016,9,10,TISH,82.47,55.36
2016,9,10,TULN,80.35,60.37
2016,9,10,WOOD,77.49,53.94
2016,9,11,ARD2,86.04,54.75
2016,9,11,BEAV,90.19,57.45
2016,9,11,BOIS,90.00,53.42
2016,9,11,CENT,87.49,48.40
2016,9,11,NRMN,85.53,52.50
2016,9,11,STIL,83.93,52.81
2016,9,11,TISH,84.81,52.70
2016,9,11,TULN,84.97,54.82
2016,9,11,WOOD,85.23,56.62
2016,9,12,ARD2,89.69,59.14
2016,9,12,BEAV,93.74,66.87
2016,9,12,BOIS,88.92,58.66
2016,9,12,CENT,90.70,57.87
2016,9,12,NRMN,90.14,63.55
2016,9,12,STIL,90.36,62.58
2016,9,12,TISH,89.51,60.26
2016,9,12,TULN,90.57,63.01
2016,9,12,WOOD,90.18,68.07
2016,9,13,ARD2,91.44,67.62
2016,9,13,BEAV,67.32,57.83
2016,9,13,BOIS,67.78,54.59
2016,9,13,CENT,93.20,67.96
2016,9,13,NRMN,92.55,69.67
2016,9,13,STIL,91.60,69.01
2016,9,13,TISH,92.62,64.85
2016,9,13,TULN,91.54,73.00
2016,9,13,WOOD,75.02,59.34
2016,9,14,ARD2,89.10,70.43
2016,9,14,BEAV,80.04,56.28
2016,9,14,BOIS,73.58,55.20
2016,9,14,CENT,91.63,67.19
2016,9,14,NRMN,82.72,65.10
2016,9,14,STIL,80.87,63.73
2016,9,14,TISH,89.83,68.88
2016,9,14,TULN,84.83,69.93
2016,9,14,WOOD,79.39,55.74
2016,9,15,ARD2,88.20,67.91
2016,9,15,BEAV,88.68,61.72
2016,9,15,BOIS,83.26,56.79
2016,9,15,CENT,89.47,66.52
2016,9,15,NRMN,83.21,66.11
2016,9,15,STIL,86.34,66.00
2016,9,15,TISH,87.85,68.70
2016,9,15,TULN,88.72,66.22
2016,9,15,WOOD,85.26,65.66
2016,9,16,ARD2,90.09,68.34
2016,9,16,BEAV,80.65,59.14
2016,9,16,BOIS,78.03,53.69
2016,9,16,CENT,91.04,67.06
2016,9,16,NRMN,85.33,67.42
2016,9,16,STIL,81.50,66.38
2016,9,16,TISH,90.36,69.12
2016,9,16,TULN,80.56,63.21
2016,9,16,WOOD,85.69,66.87
2016,9,17,ARD2,91.58,67.06
2016,9,17,BEAV,84.67,60.51
2016,9,17,BOIS,78.57,53.67
2016,9,17,CENT,91.33,64.29
2016,9,17,NRMN,87.01,63.43
2016,9,17,STIL,84.81,62.15
2016,9,17,TISH,91.15,66.33
2016,9,17,TULN,85.05,61.63
2016,9,17,WOOD,81.07,65.93
2016,9,18,ARD2,90.28,66.61
2016,9,18,BEAV,92.88,55.65
2016,9,18,BOIS,88.11,49.06
2016,9,18,CENT,90.10,66.27
2016,9,18,NRMN,88.09,63.19
2016,9,18,STIL,89.13,62.91
2016,9,18,TISH,90.21,66.83
2016,9,18,TULN,89.96,66.83
2016,9,18,WOOD,88.70,57.78
2016,9,19,ARD2,96.06,70.88
2016,9,19,BEAV,97.99,54.91
2016,9,19,BOIS,92.82,51.40
2016,9,19,CENT,95.09,71.19
2016,9,19,NRMN,94.91,71.60
2016,9,19,STIL,97.61,69.96
2016,9,19,TISH,95.56,70.41
2016,9,19,TULN,96.31,69.78
2016,9,19,WOOD,97.02,67.78
2016,9,20,ARD2,94.71,72.93
2016,9,20,BEAV,96.93,69.62
2016,9,20,BOIS,92.26,49.60
2016,9,20,CENT,94.48,74.98
2016,9,20,NRMN,93.83,73.72
2016,9,20,STIL,96.12,73.45
2016,9,20,TISH,94.37,73.24
2016,9,20,TULN,97.74,76.89
2016,9,20,WOOD,95.20,73.89
2016,9,21,ARD2,89.31,70.66
2016,9,21,BEAV,95.43,71.96
2016,9,21,BOIS,86.97,61.43
2016,9,21,CENT,89.91,69.15
2016,9,21,NRMN,88.86,73.17
2016,9,21,STIL,91.92,72.95
2016,9,21,TISH,90.25,68.92
2016,9,21,TULN,92.25,75.40
2016,9,21,WOOD,94.35,72.05
2016,9,22,ARD2,90.75,65.28
2016,9,22,BEAV,93.99,67.93
2016,9,22,BOIS,89.35,58.28
2016,9,22,CENT,90.10,65.55
2016,9,22,NRMN,88.59,68.20
2016,9,22,STIL,92.50,68.61
2016,9,22,TISH,89.71,64.22
2016,9,22,TULN,92.82,68.54
2016,9,22,WOOD,91.87,69.94
2016,9,23,ARD2,89.65,67.03
2016,9,23,BEAV,89.44,64.08
2016,9,23,BOIS,86.31,55.29
2016,9,23,CENT,90.61,65.01
2016,9,23,NRMN,88.65,69.24
2016,9,23,STIL,91.71,66.69
2016,9,23,TISH,89.98,65.73
2016,9,23,TULN,93.13,66.56
2016,9,23,WOOD,88.56,65.88
2016,9,24,ARD2,89.91,73.42
2016,9,24,BEAV,84.11,66.33
2016,9,24,BOIS,78.31,45.90
2016,9,24,CENT,89.69,72.63
2016,9,24,NRMN,86.81,68.74
2016,9,24,STIL,89.24,68.11
2016,9,24,TISH,90.05,72.70
2016,9,24,TULN,92.73,69.96
2016,9,24,WOOD,84.36,64.53
2016,9,25,ARD2,77.36,63.01
2016,9,25,BEAV,76.62,52.50
2016,9,25,BOIS,71.94,46.58
2016,9,25,CENT,78.13,62.47
2016,9,25,NRMN,77.27,63.88
2016,9,25,STIL,72.45,62.38
2016,9,25,TISH,75.79,62.11
2016,9,25,TULN,74.68,61.75
2016,9,25,WOOD,71.29,54.84
2016,9,26,ARD2,76.87,55.58
2016,9,26,BEAV,76.60,39.27
2016,9,26,BOIS,74.68,39.82
2016,9,26,CENT,77.85,52.74
2016,9,26,NRMN,76.01,54.30
2016,9,26,STIL,76.23,52.12
2016,9,26,TISH,76.66,53.92
2016,9,26,TULN,76.60,55.40
2016,9,26,WOOD,74.93,44.39
2016,9,27,ARD2,80.58,51.13
2016,9,27,BEAV,88.47,41.70
2016,9,27,BOIS,82.87,42.74
2016,9,27,CENT,82.11,47.39
2016,9,27,NRMN,80.02,50.50
2016,9,27,STIL,83.14,48.24
2016,9,27,TISH,80.76,49.17
2016,9,27,TULN,83.53,50.38
2016,9,27,WOOD,88.84,51.10
2016,9,28,ARD2,91.80,54.32
2016,9,28,BEAV,88.30,43.05
2016,9,28,BOIS,85.37,45.59
2016,9,28,CENT,88.74,47.57
2016,9,28,NRMN,86.59,57.45
2016,9,28,STIL,85.41,55.54
2016,9,28,TISH,90.73,51.15
2016,9,28,TULN,82.65,56.70
2016,9,28,WOOD,86.45,56.30
2016,9,29,ARD2,73.85,51.78
2016,9,29,BEAV,74.71,43.17
2016,9,29,BOIS,75.25,43.91
2016,9,29,CENT,74.64,50.34
2016,9,29,NRMN,72.57,51.30
2016,9,29,STIL,74.07,49.28
2016,9,29,TISH,72.86,53.58
2016,9,29,TULN,74.26,49.93
2016,9,29,WOOD,72.01,42.14
2016,9,30,ARD2,77.16,51.31
2016,9,30,BEAV,80.46,44.59
2016,9,30,BOIS,81.14,47.71
2016,9,30,CENT,78.62,43.36
2016,9,30,NRMN,75.54,47.62
2016,9,30,STIL,76.62,46.31
2016,9,30,TISH,76.66,50.23
2016,9,30,TULN,78.75,51.58
2016,9,30,WOOD,77.36,45.15
2016,10,1,ARD2,79.90,55.83
2016,10,1,BEAV,85.51,56.91
2016,10,1,BOIS,81.81,50.74
2016,10,1,CENT,79.56,52.38
2016,10,1,NRMN,78.13,56.55
2016,10,1,STIL,81.75,52.32
2016,10,1,TISH,78.94,55.87
2016,10,1,TULN,80.82,51.17
2016,10,1,WOOD,82.53,54.36
2016,10,2,ARD2,81.64,55.17
2016,10,2,BEAV,88.66,55.20
2016,10,2,BOIS,84.61,46.28
2016,10,2,CENT,83.82,52.66
2016,10,2,NRMN,82.06,58.32
2016,10,2,STIL,84.88,56.14
2016,10,2,TISH,81.21,55.81
2016,10,2,TULN,84.36,57.85
2016,10,2,WOOD,83.05,55.06
2016,10,3,ARD2,83.25,60.26
2016,10,3,BEAV,89.82,61.95
2016,10,3,BOIS,86.49,54.64
2016,10,3,CENT,84.02,55.90
2016,10,3,NRMN,81.59,59.95
2016,10,3,STIL,83.98,56.57
2016,10,3,TISH,83.14,56.03
2016,10,3,TULN,84.72,57.07
2016,10,3,WOOD,83.98,61.47
2016,10,4,ARD2,83.55,66.13
2016,10,4,BEAV,81.07,52.36
2016,10,4,BOIS,75.88,46.26
2016,10,4,CENT,86.38,63.34
2016,10,4,NRMN,82.00,66.78
2016,10,4,STIL,83.39,65.82
2016,10,4,TISH,82.90,62.89
2016,10,4,TULN,86.70,66.33
2016,10,4,WOOD,86.79,58.75
2016,10,5,ARD2,89.02,73.45
2016,10,5,BEAV,83.64,38.24
2016,10,5,BOIS,77.52,39.62
2016,10,5,CENT,89.74,71.73
2016,10,5,NRMN,88.77,63.88
2016,10,5,STIL,91.22,64.35
2016,10,5,TISH,88.07,72.36
2016,10,5,TULN,90.21,64.99
2016,10,5,WOOD,88.29,48.16
2016,10,6,ARD2,87.03,66.99
2016,10,6,BEAV,83.93,40.79
2016,10,6,BOIS,73.51,39.07
2016,10,6,CENT,88.23,71.47
2016,10,6,NRMN,84.99,56.50
2016,10,6,STIL,86.34,53.01
2016,10,6,TISH,86.02,65.62
2016,10,6,TULN,87.40,61.03
2016,10,6,WOOD,92.95,45.76
2016,10,7,ARD2,66.83,52.66
2016,10,7,BEAV,69.40,36.12
2016,10,7,BOIS,67.21,30.68
2016,10,7,CENT,72.01,50.79
2016,10,7,NRMN,67.77,48.94
2016,10,7,STIL,67.57,45.38
2016,10,7,TISH,66.20,52.47
2016,10,7,TULN,66.90,49.73
2016,10,7,WOOD,68.29,38.79
2016,10,8,ARD2,73.54,47.17
2016,10,8,BEAV,79.66,34.59
2016,10,8,BOIS,73.33,38.00
2016,10,8,CENT,74.64,42.69
2016,10,8,NRMN,73.35,42.55
2016,10,8,STIL,73.09,41.49
2016,10,8,TISH,73.63,48.49
2016,10,8,TULN,73.80,42.86
2016,10,8,WOOD,77.20,37.12
2016,10,9,ARD2,73.13,46.92
2016,10,9,BEAV,75.74,53.87
2016,10,9,BOIS,75.11,50.81
2016,10,9,CENT,75.20,43.01
2016,10,9,NRMN,75.09,51.01
2016,10,9,STIL,77.65,51.80
2016,10,9,TISH,73.06,46.49
2016,10,9,TULN,75.47,49.01
2016,10,9,WOOD,73.56,54.52
2016,10,10,ARD2,77.25,49.10
2016,10,10,BEAV,83.16,53.92
2016,10,10,BOIS,83.19,48.54
2016,10,10,CENT,79.23,46.11
2016,10,10,NRMN,76.59,56.03
2016,10,10,STIL,78.15,57.38
2016,10,10,TISH,76.80,48.47
2016,10,10,TULN,79.59,57.18
2016,10,10,WOOD,80.20,57.22
2016,10,11,ARD2,82.89,55.08
2016,10,11,BEAV,93.34,46.71
2016,10,11,BOIS,86.94,47.17
2016,10,11,CENT,84.40,50.67
2016,10,11,NRMN,83.86,57.81
2016,10,11,STIL,87.28,56.61
2016,10,11,TISH,82.80,48.51
2016,10,11,TULN,85.03,59.43
2016,10,11,WOOD,95.02,58.17
2016,10,12,ARD2,86.25,55.18
2016,10,12,BEAV,64.02,42.06
2016,10,12,BOIS,58.59,40.78
2016,10,12,CENT,86.23,55.56
2016,10,12,NRMN,75.33,54.14
2016,10,12,STIL,71.60,52.34
2016,10,12,TISH,84.76,55.13
2016,10,12,TULN,73.94,51.44
2016,10,12,WOOD,68.94,44.75
2016,10,13,ARD2,63.09,54.03
2016,10,13,BEAV,64.54,37.91
2016,10,13,BOIS,70.70,40.29
2016,10,13,CENT,62.31,54.36
2016,10,13,NRMN,55.65,49.48
2016,10,13,STIL,56.19,46.62
2016,10,13,TISH,62.53,53.58
2016,10,13,TULN,55.74,47.95
2016,10,13,WOOD,56.19,38.28
2016,10,14,ARD2,75.99,53.83
2016,10,14,BEAV,86.90,40.71
2016,10,14,BOIS,86.02,42.86
2016,10,14,CENT,77.09,55.18
2016,10,14,NRMN,74.79,53.24
2016,10,14,STIL,79.00,53.26
2016,10,14,TISH,75.25,55.27
2016,10,14,TULN,73.18,55.13
2016,10,14,WOOD,77.88,50.49
2016,10,15,ARD2,86.09,66.25
2016,10,15,BEAV,95.25,57.56
2016,10,15,BOIS,88.68,48.92
2016,10,15,CENT,86.40,64.60
2016,10,15,NRMN,84.25,64.04
2016,10,15,STIL,86.25,65.71
2016,10,15,TISH,84.88,64.42
2016,10,15,TULN,82.96,65.12
2016,10,15,WOOD,91.42,65.80
2016,10,16,ARD2,88.52,70.84
2016,10,16,BEAV,100.81,41.18
2016,10,16,BOIS,94.55,44.37
2016,10,16,CENT,88.34,69.40
2016,10,16,NRMN,86.68,68.94
2016,10,16,STIL,88.95,70.07
2016,10,16,TISH,86.63,65.30
2016,10,16,TULN,88.02,71.35
2016,10,16,WOOD,93.99,64.27
2016,10,17,ARD2,88.30,72.12
2016,10,17,BEAV,101.28,56.35
2016,10,17,BOIS,95.09,50.97
2016,10,17,CENT,88.54,70.59
2016,10,17,NRMN,88.56,72.34
2016,10,17,STIL,91.20,73.36
2016,10,17,TISH,87.15,70.36
2016,10,17,TULN,89.38,75.07
2016,10,17,WOOD,98.56,63.79
2016,10,18,ARD2,88.18,66.13
2016,10,18,BEAV,76.80,43.04
2016,10,18,BOIS,70.81,38.64
2016,10,18,CENT,87.48,67.59
2016,10,18,NRMN,81.18,61.32
2016,10,18,STIL,81.88,57.81
2016,10,18,TISH,86.16,67.59
2016,10,18,TULN,81.23,64.87
2016,10,18,WOOD,77.76,48.83
2016,10,19,ARD2,86.22,64.90
2016,10,19,BEAV,76.86,40.74
2016,10,19,BOIS,67.17,35.13
2016,10,19,CENT,87.96,67.28
2016,10,19,NRMN,85.24,58.64
2016,10,19,STIL,82.35,57.52
2016,10,19,TISH,86.09,65.57
2016,10,19,TULN,83.80,62.35
2016,10,19,WOOD,79.27,42.37
2016,10,20,ARD2,71.94,51.89
2016,10,20,BEAV,66.47,37.75
2016,10,20,BOIS,61.38,31.88
2016,10,20,CENT,72.64,46.94
2016,10,20,NRMN,70.12,46.24
2016,10,20,STIL,69.62,44.28
2016,10,20,TISH,71.58,49.32
2016,10,20,TULN,68.41,49.51
2016,10,20,WOOD,67.78,42.12
2016,10,21,ARD2,70.32,45.79
2016,10,21,BEAV,80.98,37.97
2016,10,21,BOIS,80.37,34.95
2016,10,21,CENT,71.51,40.42
2016,10,21,NRMN,70.29,39.37
2016,10,21,STIL,70.86,37.02
2016,10,21,TISH,70.03,44.25
2016,10,21,TULN,68.16,42.15
2016,10,21,WOOD,74.80,44.15
2016,10,22,ARD2,75.90,49.08
2016,10,22,BEAV,87.53,37.85
2016,10,22,BOIS,87.44,35.55
2016,10,22,CENT,75.97,40.92
2016,10,22,NRMN,78.03,48.85
2016,10,22,STIL,81.75,47.57
2016,10,22,TISH,75.13,42.25
2016,10,22,TULN,77.54,44.68
2016,10,22,WOOD,82.98,56.28
2016,10,23,ARD2,77.09,54.21
2016,10,23,BEAV,78.96,40.88
2016,10,23,BOIS,74.48,44.93
2016,10,23,CENT,78.73,50.22
2016,10,23,NRMN,77.31,54.64
2016,10,23,STIL,82.49,54.90
2016,10,23,TISH,77.52,46.58
2016,10,23,TULN,80.53,57.09
2016,10,23,WOOD,84.47,53.87
2016,10,24,ARD2,82.83,54.19
2016,10,24,BEAV,81.39,40.01
2016,10,24,BOIS,78.49,37.04
2016,10,24,CENT,83.39,57.63
2016,10,24,NRMN,81.59,56.01
2016,10,24,STIL,82.89,49.19
2016,10,24,TISH,82.06,54.93
2016,10,24,TULN,81.05,51.64
2016,10,24,WOOD,79.79,45.20
2016,10,25,ARD2,79.03,62.71
2016,10,25,BEAV,86.13,62.13
2016,10,25,BOIS,85.30,52.05
2016,10,25,CENT,79.18,59.23
2016,10,25,NRMN,79.56,62.04
2016,10,25,STIL,81.12,60.24
2016,10,25,TISH,78.84,55.99
2016,10,25,TULN,80.29,64.96
2016,10,25,WOOD,80.51,60.87
2016,10,26,ARD2,-996.00,-996.00
2016,10,26,BEAV,81.16,50.85
2016,10,26,BOIS,75.65,47.21
2016,10,26,CENT,80.62,58.51
2016,10,26,NRMN,81.09,57.34
2016,10,26,STIL,76.39,57.70
2016,10,26,TISH,81.57,56.23
2016,10,26,TULN,73.45,62.22
2016,10,26,WOOD,82.53,53.22
2016,10,27,ARD2,-996.00,-996.00
2016,10,27,BEAV,84.87,39.57
2016,10,27,BOIS,81.70,40.29
2016,10,27,CENT,82.47,56.86
2016,10,27,NRMN,82.51,55.78
2016,10,27,STIL,75.69,55.54
2016,10,27,TISH,83.07,59.18
2016,10,27,TULN,76.96,57.51
2016,10,27,WOOD,83.43,45.82
2016,10,28,ARD2,-996.00,-996.00
2016,10,28,BEAV,91.36,61.86
2016,10,28,BOIS,85.32,46.96
2016,10,28,CENT,83.84,58.35
2016,10,28,NRMN,84.31,64.40
2016,10,28,STIL,85.87,60.96
2016,10,28,TISH,83.43,57.36
2016,10,28,TULN,84.52,60.96
2016,10,28,WOOD,88.32,63.43
2016,10,29,ARD2,83.03,62.01
2016,10,29,BEAV,93.88,60.94
2016,10,29,BOIS,87.44,50.04
2016,10,29,CENT,83.08,60.39
2016,10,29,NRMN,83.01,61.95
2016,10,29,STIL,84.51,63.95
2016,10,29,TISH,82.49,53.98
2016,10,29,TULN,83.84,66.58
2016,10,29,WOOD,88.25,61.81
2016,10,30,ARD2,84.31,61.54
2016,10,30,BEAV,69.30,48.22
2016,10,30,BOIS,70.20,40.79
2016,10,30,CENT,81.77,57.61
2016,10,30,NRMN,68.23,55.98
2016,10,30,STIL,64.62,53.53
2016,10,30,TISH,83.28,58.01
2016,10,30,TULN,69.06,57.27
2016,10,30,WOOD,70.18,50.22
2016,10,31,ARD2,83.05,61.27
2016,10,31,BEAV,91.78,51.82
2016,10,31,BOIS,84.61,50.16
2016,10,31,CENT,84.16,54.07
2016,10,31,NRMN,84.31,52.61
2016,10,31,STIL,85.55,51.55
2016,10,31,TISH,83.17,56.19
2016,10,31,TULN,84.81,56.93
2016,10,31,WOOD,88.00,47.88
2016,11,1,ARD2,81.10,66.78
2016,11,1,BEAV,78.49,49.51
2016,11,1,BOIS,66.49,42.61
2016,11,1,CENT,81.10,62.02
2016,11,1,NRMN,82.67,63.12
2016,11,1,STIL,84.04,66.81
2016,11,1,TISH,79.99,61.29
2016,11,1,TULN,82.04,68.16
2016,11,1,WOOD,83.68,59.11
2016,11,2,ARD2,82.83,65.91
2016,11,2,BEAV,71.67,53.31
2016,11,2,BOIS,66.42,42.90
2016,11,2,CENT,82.11,68.90
2016,11,2,NRMN,82.54,63.70
2016,11,2,STIL,83.86,66.25
2016,11,2,TISH,82.20,68.61
2016,11,2,TULN,84.15,70.50
2016,11,2,WOOD,74.66,60.78
2016,11,3,ARD2,-996.00,-996.00
2016,11,3,BEAV,73.29,39.94
2016,11,3,BOIS,68.14,38.39
2016,11,3,CENT,73.74,61.59
2016,11,3,NRMN,71.64,58.12
2016,11,3,STIL,74.57,56.25
2016,11,3,TISH,72.63,61.48
2016,11,3,TULN,73.96,57.79
2016,11,3,WOOD,72.93,49.71
2016,11,4,ARD2,-996.00,-996.00
2016,11,4,BEAV,71.58,31.62
2016,11,4,BOIS,67.78,38.01
2016,11,4,CENT,73.58,59.67
2016,11,4,NRMN,66.07,56.61
2016,11,4,STIL,73.67,55.00
2016,11,4,TISH,70.27,61.03
2016,11,4,TULN,74.79,55.85
2016,11,4,WOOD,70.54,38.54
2016,11,5,ARD2,-996.00,-996.00
2016,11,5,BEAV,72.21,40.78
2016,11,5,BOIS,65.77,40.87
2016,11,5,CENT,74.71,52.25
2016,11,5,NRMN,73.45,57.74
2016,11,5,STIL,74.23,52.95
2016,11,5,TISH,73.06,52.65
2016,11,5,TULN,73.33,50.67
2016,11,5,WOOD,66.52,51.62
2016,11,6,ARD2,-996.00,-996.00
2016,11,6,BEAV,62.49,53.35
2016,11,6,BOIS,61.57,51.35
2016,11,6,CENT,70.84,48.99
2016,11,6,NRMN,68.74,54.77
2016,11,6,STIL,71.06,49.08
2016,11,6,TISH,69.22,51.10
2016,11,6,TULN,70.41,46.60
2016,11,6,WOOD,60.01,53.42
2016,11,7,ARD2,-996.00,-996.00
2016,11,7,BEAV,64.17,52.38
2016,11,7,BOIS,68.63,41.93
2016,11,7,CENT,66.60,54.54
2016,11,7,NRMN,63.64,59.09
2016,11,7,STIL,63.88,58.87
2016,11,7,TISH,64.90,55.83
2016,11,7,TULN,67.23,60.08
2016,11,7,WOOD,65.26,53.78
2016,11,8,ARD2,-996.00,-996.00
2016,11,8,BEAV,63.34,37.41
2016,11,8,BOIS,61.50,37.21
2016,11,8,CENT,62.85,56.41
2016,11,8,NRMN,61.05,56.84
2016,11,8,STIL,64.31,54.68
2016,11,8,TISH,63.68,57.72
2016,11,8,TULN,61.92,58.23
2016,11,8,WOOD,64.13,44.16
2016,11,9,ARD2,-996.00,-996.00
2016,11,9,BEAV,63.64,27.66
2016,11,9,BOIS,61.43,25.20
2016,11,9,CENT,69.24,41.74
2016,11,9,NRMN,66.52,41.54
2016,11,9,STIL,65.88,38.99
2016,11,9,TISH,67.37,48.60
2016,11,9,TULN,64.60,43.65
2016,11,9,WOOD,61.81,35.65
2016,11,10,ARD2,-996.00,-996.00
2016,11,10,BEAV,74.70,28.92
2016,11,10,BOIS,69.49,34.01
2016,11,10,CENT,69.87,36.09
2016,11,10,NRMN,70.48,37.14
2016,11,10,STIL,70.48,34.40
2016,11,10,TISH,68.18,40.70
2016,11,10,TULN,69.78,36.94
2016,11,10,WOOD,73.98,37.60
2016,11,11,ARD2,73.49,48.31
2016,11,11,BEAV,59.97,32.35
2016,11,11,BOIS,57.27,32.48
2016,11,11,CENT,74.82,42.97
2016,11,11,NRMN,70.66,47.23
2016,11,11,STIL,67.73,42.78
2016,11,11,TISH,75.11,44.89
2016,11,11,TULN,66.43,45.28
2016,11,11,WOOD,61.63,38.06
2016,11,12,ARD2,65.43,44.63
2016,11,12,BEAV,61.90,20.99
2016,11,12,BOIS,59.68,25.84
2016,11,12,CENT,67.87,41.00
2016,11,12,NRMN,64.58,41.29
2016,11,12,STIL,62.20,36.04
2016,11,12,TISH,66.22,42.95
2016,11,12,TULN,61.61,38.61
2016,11,12,WOOD,59.68,30.07
2016,11,13,ARD2,67.89,42.95
2016,11,13,BEAV,71.06,38.30
2016,11,13,BOIS,70.02,32.92
2016,11,13,CENT,65.71,36.88
2016,11,13,NRMN,68.22,37.67
2016,11,13,STIL,67.80,33.10
2016,11,13,TISH,66.45,42.96
2016,11,13,TULN,65.39,35.49
2016,11,13,WOOD,69.78,34.78
2016,11,14,ARD2,72.64,50.38
2016,11,14,BEAV,74.71,38.80
2016,11,14,BOIS,71.37,35.13
2016,11,14,CENT,73.54,44.98
2016,11,14,NRMN,67.55,46.11
2016,11,14,STIL,65.10,41.86
2016,11,14,TISH,72.91,44.79
2016,11,14,TULN,69.91,49.91
2016,11,14,WOOD,73.40,46.71
2016,11,15,ARD2,80.04,44.58
2016,11,15,BEAV,82.90,32.23
2016,11,15,BOIS,78.57,40.61
2016,11,15,CENT,79.50,39.02
2016,11,15,NRMN,81.28,41.60
2016,11,15,STIL,78.75,38.02
2016,11,15,TISH,78.80,44.03
2016,11,15,TULN,76.69,44.86
2016,11,15,WOOD,84.00,48.33
2016,11,16,ARD2,83.95,47.10
2016,11,16,BEAV,88.77,36.27
2016,11,16,BOIS,80.87,39.11
2016,11,16,CENT,83.95,41.15
2016,11,16,NRMN,84.04,44.35
2016,11,16,STIL,86.31,39.51
2016,11,16,TISH,82.78,42.96
2016,11,16,TULN,83.89,43.47
2016,11,16,WOOD,87.66,47.07
2016,11,17,ARD2,74.84,58.75
2016,11,17,BEAV,78.62,42.14
2016,11,17,BOIS,74.12,32.08
2016,11,17,CENT,76.01,59.65
2016,11,17,NRMN,78.08,59.04
2016,11,17,STIL,79.09,62.33
2016,11,17,TISH,75.04,54.25
2016,11,17,TULN,79.29,66.07
2016,11,17,WOOD,73.94,46.90
2016,11,18,ARD2,69.89,40.58
2016,11,18,BEAV,49.35,22.43
2016,11,18,BOIS,43.33,19.36
2016,11,18,CENT,70.09,39.15
2016,11,18,NRMN,68.63,38.96
2016,11,18,STIL,71.22,38.43
2016,11,18,TISH,69.69,40.22
2016,11,18,TULN,71.74,38.39
2016,11,18,WOOD,50.50,29.72
2016,11,19,ARD2,53.74,32.01
2016,11,19,BEAV,56.50,11.98
2016,11,19,BOIS,55.18,15.53
2016,11,19,CENT,52.93,26.41
2016,11,19,NRMN,50.99,27.07
2016,11,19,STIL,49.60,27.71
2016,11,19,TISH,53.69,28.06
2016,11,19,TULN,49.42,30.11
2016,11,19,WOOD,52.07,19.15
2016,11,20,ARD2,61.48,30.26
2016,11,20,BEAV,69.51,31.26
2016,11,20,BOIS,74.75,29.30
2016,11,20,CENT,61.79,23.85
2016,11,20,NRMN,63.63,33.33
2016,11,20,STIL,64.08,29.94
2016,11,20,TISH,60.73,25.99
2016,11,20,TULN,60.66,29.14
2016,11,20,WOOD,71.56,35.82
2016,11,21,ARD2,68.95,42.42
2016,11,21,BEAV,70.32,30.22
2016,11,21,BOIS,66.18,34.14
2016,11,21,CENT,69.51,40.43
2016,11,21,NRMN,69.57,41.43
2016,11,21,STIL,66.63,36.73
2016,11,21,TISH,68.25,35.87
2016,11,21,TULN,66.72,41.36
2016,11,21,WOOD,64.71,29.69
2016,11,22,ARD2,71.04,51.76
2016,11,22,BEAV,60.13,45.36
2016,11,22,BOIS,50.31,36.03
2016,11,22,CENT,67.84,53.37
2016,11,22,NRMN,75.06,46.69
2016,11,22,STIL,76.59,47.34
2016,11,22,TISH,68.83,52.11
2016,11,22,TULN,66.24,50.99
2016,11,22,WOOD,70.57,47.08
2016,11,23,ARD2,62.13,41.05
2016,11,23,BEAV,59.25,32.03
2016,11,23,BOIS,55.09,28.65
2016,11,23,CENT,59.43,37.17
2016,11,23,NRMN,59.68,37.65
2016,11,23,STIL,57.16,33.25
2016,11,23,TISH,61.86,36.45
2016,11,23,TULN,54.73,37.17
2016,11,23,WOOD,60.71,40.76
2016,11,24,ARD2,65.71,35.70
2016,11,24,BEAV,68.13,34.79
2016,11,24,BOIS,57.85,26.56
2016,11,24,CENT,65.73,31.27
2016,11,24,NRMN,67.42,35.79
2016,11,24,STIL,68.43,31.93
2016,11,24,TISH,65.30,32.73
2016,11,24,TULN,62.78,30.87
2016,11,24,WOOD,67.59,38.42
2016,11,25,ARD2,59.83,40.13
2016,11,25,BEAV,59.04,22.37
2016,11,25,BOIS,56.59,19.66
2016,11,25,CENT,59.58,31.66
2016,11,25,NRMN,56.73,32.86
2016,11,25,STIL,55.63,28.98
2016,11,25,TISH,59.04,35.23
2016,11,25,TULN,54.70,35.46
2016,11,25,WOOD,56.35,27.41
2016,11,26,ARD2,59.81,31.81
2016,11,26,BEAV,68.92,20.09
2016,11,26,BOIS,61.68,23.73
2016,11,26,CENT,61.68,26.24
2016,11,26,NRMN,63.48,24.95
2016,11,26,STIL,63.91,23.49
2016,11,26,TISH,57.81,29.89
2016,11,26,TULN,60.24,29.38
2016,11,26,WOOD,65.64,26.98
2016,11,27,ARD2,64.94,50.14
2016,11,27,BEAV,70.92,38.11
2016,11,27,BOIS,59.36,38.70
2016,11,27,CENT,59.56,44.43
2016,11,27,NRMN,62.82,48.76
2016,11,27,STIL,62.15,48.13
2016,11,27,TISH,62.40,45.39
2016,11,27,TULN,58.17,46.99
2016,11,27,WOOD,68.09,52.52
2016,11,28,ARD2,66.15,47.98
2016,11,28,BEAV,59.99,33.02
2016,11,28,BOIS,53.67,24.66
2016,11,28,CENT,67.71,42.23
2016,11,28,NRMN,64.67,45.90
2016,11,28,STIL,64.47,40.21
2016,11,28,TISH,66.24,44.27
2016,11,28,TULN,63.39,44.45
2016,11,28,WOOD,61.75,38.67
2016,11,29,ARD2,63.30,44.45
2016,11,29,BEAV,53.73,28.11
2016,11,29,BOIS,47.84,20.99
2016,11,29,CENT,67.32,38.74
2016,11,29,NRMN,61.05,39.46
2016,11,29,STIL,60.10,36.95
2016,11,29,TISH,65.16,42.94
2016,11,29,TULN,62.49,40.74
2016,11,29,WOOD,55.62,33.28
2016,11,30,ARD2,56.86,33.46
2016,11,30,BEAV,53.22,23.48
2016,11,30,BOIS,45.31,17.60
2016,11,30,CENT,57.00,28.18
2016,11,30,NRMN,55.29,31.42
2016,11,30,STIL,54.18,29.03
2016,11,30,TISH,56.07,28.98
2016,11,30,TULN,53.01,33.74
2016,11,30,WOOD,53.35,30.28
2016,12,1,ARD2,62.55,28.42
2016,12,1,BEAV,51.51,16.72
2016,12,1,BOIS,44.68,15.51
2016,12,1,CENT,63.37,24.88
2016,12,1,NRMN,62.38,26.06
2016,12,1,STIL,61.83,22.65
2016,12,1,TISH,62.22,25.66
2016,12,1,TULN,59.61,27.38
2016,12,1,WOOD,52.70,22.02
2016,12,2,ARD2,55.38,37.72
2016,12,2,BEAV,51.82,16.61
2016,12,2,BOIS,44.37,18.80
2016,12,2,CENT,57.22,39.55
2016,12,2,NRMN,59.54,30.62
2016,12,2,STIL,57.34,26.14
2016,12,2,TISH,58.32,36.33
2016,12,2,TULN,60.37,32.51
2016,12,2,WOOD,52.75,26.00
2016,12,3,ARD2,47.30,44.15
2016,12,3,BEAV,41.70,32.71
2016,12,3,BOIS,37.73,24.50
2016,12,3,CENT,48.94,44.73
2016,12,3,NRMN,46.74,43.62
2016,12,3,STIL,47.64,42.59
2016,12,3,TISH,47.55,44.09
2016,12,3,TULN,51.80,43.92
2016,12,3,WOOD,42.31,36.14
2016,12,4,ARD2,48.69,38.19
2016,12,4,BEAV,52.48,26.72
2016,12,4,BOIS,48.74,18.47
2016,12,4,CENT,49.39,35.48
2016,12,4,NRMN,53.96,34.65
2016,12,4,STIL,54.36,32.19
2016,12,4,TISH,49.14,37.07
2016,12,4,TULN,54.28,38.26
2016,12,4,WOOD,53.04,32.83
2016,12,5,ARD2,48.97,31.35
2016,12,5,BEAV,63.21,29.84
2016,12,5,BOIS,68.86,26.54
2016,12,5,CENT,50.07,30.21
2016,12,5,NRMN,50.90,30.66
2016,12,5,STIL,52.75,29.83
2016,12,5,TISH,49.57,30.80
2016,12,5,TULN,48.40,33.95
2016,12,5,WOOD,55.76,32.64
2016,12,6,ARD2,48.63,33.67
2016,12,6,BEAV,36.77,21.29
2016,12,6,BOIS,32.25,14.83
2016,12,6,CENT,48.20,36.29
2016,12,6,NRMN,45.60,30.09
2016,12,6,STIL,45.47,32.96
2016,12,6,TISH,48.61,33.90
2016,12,6,TULN,46.40,35.99
2016,12,6,WOOD,37.45,27.76
2016,12,7,ARD2,49.75,29.94
2016,12,7,BEAV,32.16,19.66
2016,12,7,BOIS,28.82,8.22
2016,12,7,CENT,40.65,31.49
2016,12,7,NRMN,39.50,25.98
2016,12,7,STIL,37.00,25.57
2016,12,7,TISH,49.62,32.15
2016,12,7,TULN,37.67,26.66
2016,12,7,WOOD,35.03,21.93
2016,12,8,ARD2,35.46,26.24
2016,12,8,BEAV,26.43,6.24
2016,12,8,BOIS,22.20,0.00
2016,12,8,CENT,37.43,25.62
2016,12,8,NRMN,34.39,21.62
2016,12,8,STIL,32.64,15.80
2016,12,8,TISH,36.67,24.69
2016,12,8,TULN,34.67,20.91
2016,12,8,WOOD,27.61,11.77
2016,12,9,ARD2,36.05,22.68
2016,12,9,BEAV,41.34,23.96
2016,12,9,BOIS,48.33,20.86
2016,12,9,CENT,36.81,18.64
2016,12,9,NRMN,34.91,17.61
2016,12,9,STIL,32.84,11.50
2016,12,9,TISH,35.46,21.37
2016,12,9,TULN,34.84,16.32
2016,12,9,WOOD,34.91,24.61
2016,12,10,ARD2,46.32,35.12
2016,12,10,BEAV,53.31,18.27
2016,12,10,BOIS,72.21,18.00
2016,12,10,CENT,46.23,35.48
2016,12,10,NRMN,47.59,33.61
2016,12,10,STIL,47.48,32.93
2016,12,10,TISH,46.22,34.71
2016,12,10,TULN,46.30,34.85
2016,12,10,WOOD,48.81,22.70
2016,12,11,ARD2,72.09,40.79
2016,12,11,BEAV,50.61,22.54
2016,12,11,BOIS,50.49,21.33
2016,12,11,CENT,65.68,40.82
2016,12,11,NRMN,64.85,33.99
2016,12,11,STIL,60.60,30.89
2016,12,11,TISH,68.14,40.45
2016,12,11,TULN,56.03,34.09
2016,12,11,WOOD,47.17,27.57
2016,12,12,ARD2,54.03,28.90
2016,12,12,BEAV,47.05,15.28
2016,12,12,BOIS,61.41,19.01
2016,12,12,CENT,49.42,27.69
2016,12,12,NRMN,46.78,25.21
2016,12,12,STIL,38.85,21.11
2016,12,12,TISH,52.72,29.96
2016,12,12,TULN,41.38,24.94
2016,12,12,WOOD,43.16,20.27
2016,12,13,ARD2,51.58,30.37
2016,12,13,BEAV,31.90,14.77
2016,12,13,BOIS,41.26,13.15
2016,12,13,CENT,49.01,29.35
2016,12,13,NRMN,40.21,26.44
2016,12,13,STIL,36.44,23.68
2016,12,13,TISH,50.23,30.47
2016,12,13,TULN,40.95,25.34
2016,12,13,WOOD,31.69,16.05
2016,12,14,ARD2,47.34,30.45
2016,12,14,BEAV,33.65,10.89
2016,12,14,BOIS,29.41,14.05
2016,12,14,CENT,37.24,29.02
2016,12,14,NRMN,38.17,22.40
2016,12,14,STIL,42.85,21.09
2016,12,14,TISH,43.71,30.28
2016,12,14,TULN,39.75,23.55
2016,12,14,WOOD,36.78,12.99
2016,12,15,ARD2,40.53,27.83
2016,12,15,BEAV,37.34,10.60
2016,12,15,BOIS,55.81,11.37
2016,12,15,CENT,39.92,27.88
2016,12,15,NRMN,35.85,21.84
2016,12,15,STIL,36.37,19.78
2016,12,15,TISH,38.77,28.18
2016,12,15,TULN,37.82,20.13
2016,12,15,WOOD,36.94,15.33
2016,12,16,ARD2,63.01,39.41
2016,12,16,BEAV,75.52,29.44
2016,12,16,BOIS,71.65,22.20
2016,12,16,CENT,61.72,37.43
2016,12,16,NRMN,66.92,35.66
2016,12,16,STIL,62.01,36.47
2016,12,16,TISH,59.56,36.29
2016,12,16,TULN,60.69,35.21
2016,12,16,WOOD,76.59,32.01
2016,12,17,ARD2,60.98,13.87
2016,12,17,BEAV,29.40,-7.28
2016,12,17,BOIS,24.30,-9.76
2016,12,17,CENT,61.34,14.04
2016,12,17,NRMN,63.36,9.30
2016,12,17,STIL,45.89,8.33
2016,12,17,TISH,58.73,13.62
2016,12,17,TULN,60.46,10.76
2016,12,17,WOOD,32.83,0.81
2016,12,18,ARD2,24.22,8.35
2016,12,18,BEAV,25.01,-17.93
2016,12,18,BOIS,23.99,-13.63
2016,12,18,CENT,23.42,7.52
2016,12,18,NRMN,20.78,4.28
2016,12,18,STIL,19.01,0.84
2016,12,18,TISH,23.79,8.40
2016,12,18,TULN,18.71,3.16
2016,12,18,WOOD,24.16,-6.93
2016,12,19,ARD2,34.84,10.04
2016,12,19,BEAV,45.62,-5.87
2016,12,19,BOIS,41.41,0.72
2016,12,19,CENT,35.48,7.45
2016,12,19,NRMN,36.25,7.52
2016,12,19,STIL,36.35,2.32
2016,12,19,TISH,34.63,10.58
2016,12,19,TULN,34.05,6.60
2016,12,19,WOOD,42.93,3.87
2016,12,20,ARD2,54.52,24.00
2016,12,20,BEAV,54.23,15.37
2016,12,20,BOIS,51.28,17.84
2016,12,20,CENT,52.90,19.92
2016,12,20,NRMN,55.22,25.03
2016,12,20,STIL,52.90,22.20
2016,12,20,TISH,51.96,22.12
2016,12,20,TULN,51.62,24.02
2016,12,20,WOOD,53.71,24.42
2016,12,21,ARD2,62.73,33.70
2016,12,21,BEAV,57.97,23.17
2016,12,21,BOIS,52.75,24.66
2016,12,21,CENT,63.88,32.02
2016,12,21,NRMN,64.67,23.58
2016,12,21,STIL,56.10,19.94
2016,12,21,TISH,62.58,27.33
2016,12,21,TULN,54.66,28.18
2016,12,21,WOOD,56.88,25.54
2016,12,22,ARD2,46.11,33.92
2016,12,22,BEAV,40.14,21.60
2016,12,22,BOIS,32.91,21.95
2016,12,22,CENT,47.39,29.03
2016,12,22,NRMN,43.26,29.80
2016,12,22,STIL,43.14,25.98
2016,12,22,TISH,46.29,36.17
2016,12,22,TULN,43.96,29.95
2016,12,22,WOOD,40.30,27.62
2016,12,23,ARD2,47.71,31.61
2016,12,23,BEAV,59.88,27.83
2016,12,23,BOIS,58.37,27.38
2016,12,23,CENT,45.71,29.08
2016,12,23,NRMN,51.13,31.49
2016,12,23,STIL,55.40,34.67
2016,12,23,TISH,46.76,36.25
2016,12,23,TULN,48.34,36.86
2016,12,23,WOOD,64.69,33.56
2016,12,24,ARD2,63.55,41.10
2016,12,24,BEAV,67.05,20.85
2016,12,24,BOIS,59.99,23.11
2016,12,24,CENT,62.55,43.71
2016,12,24,NRMN,60.55,30.71
2016,12,24,STIL,55.47,27.58
2016,12,24,TISH,63.07,41.51
2016,12,24,TULN,57.49,42.03
2016,12,24,WOOD,64.65,25.31
2016,12,25,ARD2,74.52,59.88
2016,12,25,BEAV,65.44,39.84
2016,12,25,BOIS,54.46,29.49
2016,12,25,CENT,74.17,56.62
2016,12,25,NRMN,74.05,54.43
2016,12,25,STIL,72.55,55.76
2016,12,25,TISH,73.04,55.56
2016,12,25,TULN,70.32,57.16
2016,12,25,WOOD,65.37,43.86
2016,12,26,ARD2,67.64,45.37
2016,12,26,BEAV,44.22,18.83
2016,12,26,BOIS,45.34,17.31
2016,12,26,CENT,69.96,43.33
2016,12,26,NRMN,65.28,35.40
2016,12,26,STIL,58.50,28.52
2016,12,26,TISH,68.32,45.33
2016,12,26,TULN,64.56,37.16
2016,12,26,WOOD,47.14,26.93
2016,12,27,ARD2,63.37,34.77
2016,12,27,BEAV,54.36,15.10
2016,12,27,BOIS,63.73,15.69
2016,12,27,CENT,64.53,29.41
2016,12,27,NRMN,60.04,25.62
2016,12,27,STIL,55.60,22.30
2016,12,27,TISH,64.22,36.39
2016,12,27,TULN,54.66,29.28
2016,12,27,WOOD,54.34,19.99
2016,12,28,ARD2,71.56,50.85
2016,12,28,BEAV,61.34,25.69
2016,12,28,BOIS,55.65,26.57
2016,12,28,CENT,72.54,48.79
2016,12,28,NRMN,63.95,47.34
2016,12,28,STIL,63.79,38.02
2016,12,28,TISH,71.82,48.20
2016,12,28,TULN,63.18,43.14
2016,12,28,WOOD,63.41,36.97
2016,12,29,ARD2,55.65,39.47
2016,12,29,BEAV,49.10,17.22
2016,12,29,BOIS,43.56,18.74
2016,12,29,CENT,55.78,26.93
2016,12,29,NRMN,53.01,30.68
2016,12,29,STIL,53.44,24.94
2016,12,29,TISH,55.26,36.21
2016,12,29,TULN,54.23,35.06
2016,12,29,WOOD,49.84,24.56
2016,12,30,ARD2,58.82,27.24
2016,12,30,BEAV,61.54,31.51
2016,12,30,BOIS,61.03,22.15
2016,12,30,CENT,58.32,19.74
2016,12,30,NRMN,58.95,24.69
2016,12,30,STIL,60.22,19.47
2016,12,30,TISH,56.80,22.08
2016,12,30,TULN,60.78,27.94
2016,12,30,WOOD,60.80,32.58
2016,12,31,ARD2,62.56,43.15
2016,12,31,BEAV,46.05,28.22
2016,12,31,BOIS,41.41,23.01
2016,12,31,CENT,63.01,39.25
2016,12,31,NRMN,57.29,33.42
2016,12,31,STIL,55.45,31.63
2016,12,31,TISH,62.19,44.14
2016,12,31,TULN,57.09,34.88
2016,12,31,WOOD,47.79,28.24
